+0000.0000000000000000,+0001.0000000000000000,+0000.0000000000000000
+0000.0001002003004005,+0000.9998997996995995,+0000.0000000000000000
+0000.0003959378106598,+0000.9996008376920712,+0000.0000032244972690
+0000.0008823648621016,+0000.9991048354773634,+0000.0000127996605350
+0000.0015546486401224,+0000.9984135780642820,+0000.0000317732955956
+0000.0024079727638321,+0000.9975289121374734,+0000.0000631150986944
+0000.0034375388346232,+0000.9964527442301573,+0000.0001097169352194
+0000.0046385679535454,+0000.9951870389032368,+0000.0001743931432178
+0000.0060063022073761,+0000.9937338169314018,+0000.0002598808612221
+0000.0075360061232930,+0000.9920951534968269,+0000.0003688403798801
+0000.0092229680920675,+0000.9902731763910535,+0000.0005038555168789
+0000.0110625017597121,+0000.9882700642256340,+0000.0006674340146539
+0000.0130499473875292,+0000.9860880446521010,+0000.0008620079603698
+0000.0151806731805209,+0000.9837293925918145,+0000.0010899342276646
+0000.0174500765841345,+0000.9811964284762248,+0000.0013534949396407
+0000.0198535855493291,+0000.9784915164980778,+0000.0016548979525931
+0000.0223866597659637,+0000.9756170628740757,+0000.0019962773599606
+0000.0250447918645188,+0000.9725755141194943,+0000.0023796940159870
+0000.0278235085861763,+0000.9693693553352434,+0000.0028071360785803
+0000.0307183719212941,+0000.9660011085078474,+0000.0032805195708584
+0000.0337249802163248,+0000.9624733308228064,+0000.0038016889608687
+0000.0368389692492389,+0000.9587886129917890,+0000.0043724177589720
+0000.0400560132735251,+0000.9549495775940932,+0000.0049944091323817
+0000.0433718260308507,+0000.9509588774327998,+0000.0056692965363494
+0000.0467821617324785,+0000.9468191939060304,+0000.0063986443614910
+0000.0502828160095437,+0000.9425332353937084,+0000.0071839485967480
+0000.0538696268323094,+0000.9381037356602103,+0000.0080266375074802
+0000.0575384753985269,+0000.9335334522732824,+0000.0089280723281906
+0000.0612852869910377,+0000.9288251650395820,+0000.0098895479693803
+0000.0651060318047652,+0000.9239816744571951,+0000.0109122937380396
+0000.0689967257432536,+0000.9190058001854668,+0000.0119974740712795
+0000.0729534311849198,+0000.9139003795324683,+0000.0131461892826119
+0000.0769722577191959,+0000.9086682659604144,+0000.0143594763203897
+0000.0810493628527461,+0000.9033123276093320,+0000.0156383095379220
+0000.0851809526859547,+0000.8978354458392664,+0000.0169836014747790
+0000.0893632825598861,+0000.8922405137913043,+0000.0183962036488097
+0000.0935926576739299,+0000.8865304349676759,+0000.0198769073583943
+0000.0978654336743504,+0000.8807081218311911,+0000.0214264444944587
+0000.1021780172139690,+0000.8747764944242484,+0000.0230454883617827
+0000.1065268664832151,+0000.8687384790076494,+0000.0247346545091355
+0000.1109084917127896,+0000.8625970067194326,+0000.0264945015677779
+0000.1153194556481907,+0000.8563550122539373,+0000.0283255320978721
+0000.1197563739963621,+0000.8500154325612900,+0000.0302281934423480
+0000.1242159158447265,+0000.8435812055674988,+0000.0322028785877747
+0000.1286948040528788,+0000.8370552689153283,+0000.0342499270317929
+0000.1331898156172150,+0000.8304405587261162,+0000.0363696256566689
+0000.1376977820087832,+0000.8237400083826842,+0000.0385622096085327
+0000.1422155894846472,+0000.8169565473334826,+0000.0408278631818704
+0000.1467401793730594,+0000.8100930999180972,+0000.0431667207088434
+0000.1512685483327453,+0000.8031525842142405,+0000.0455788674530141
+0000.1557977485866077,+0000.7961379109063323,+0000.0480643405070599
+0000.1603248881301641,+0000.7890519821757708,+0000.0506231296940651
+0000.1648471309150353,+0000.7818976906129804,+0000.0532551784719842
+0000.1693616970078080,+0000.7746779181513174,+0000.0559603848408746
+0000.1738658627245998,+0000.7673955350228973,+0000.0587386022525028
+0000.1783569607416588,+0000.7600533987364065,+0000.0615896405219345
+0000.1828323801823329,+0000.7526543530769453,+0000.0645132667407216
+0000.1872895666807512,+0000.7452012271279406,+0000.0675092061913081
+0000.1917260224225603,+0000.7376968343151609,+0000.0705771432622787
+0000.1961393061630640,+0000.7301439714728518,+0000.0737167223640839
+0000.2005270332231182,+0000.7225454179320054,+0000.0769275488448762
+0000.2048868754631337,+0000.7149039346307647,+0000.0802091899061014
+0000.2092165612355473,+0000.7072222632469585,+0000.0835611755174940
+0000.2135138753161193,+0000.6995031253527509,+0000.0869829993311294
+0000.2177766588144220,+0000.6917492215913829,+0000.0904741195941948
+0000.2220028090638834,+0000.6839632308759730,+0000.0940339600601433
+0000.2261902794917559,+0000.6761478096103394,+0000.0976619108979045
+0000.2303370794693780,+0000.6683055909317924,+0000.1013573295988293
+0000.2344412741431028,+0000.6604391839758449,+0000.1051195418810520
+0000.2385009842462651,+0000.6525511731627736,+0000.1089478425909609
+0000.2425143858925642,+0000.6446441175059627,+0000.1128414966014727
+0000.2464797103512372,+0000.6367205499419493,+0000.1167997397068131
+0000.2503952438044026,+0000.6287829766820845,+0000.1208217795135124
+0000.2542593270869514,+0000.6208338765857184,+0000.1249067963273297
+0000.2580703554093665,+0000.6128757005548067,+0000.1290539440358264
+0000.2618267780638505,+0000.6049108709498325,+0000.1332623509863164
+0000.2655270981141438,+0000.5969417810269306,+0000.1375311208589250
+0000.2691698720694126,+0000.5889707943960908,+0000.1418593335344961
+0000.2727537095425907,+0000.5810002445003162,+0000.1462460459570926
+0000.2762772728935558,+0000.5730324341156019,+0000.1506902929908417
+0000.2797392768575215,+0000.5650696348715951,+0000.1551910882708829
+0000.2831384881590278,+0000.5571140867927908,+0000.1597474250481808
+0000.2864737251119104,+0000.5491679978601133,+0000.1643582770279758
+0000.2897438572056292,+0000.5412335435927251,+0000.1690225992016452
+0000.2929478046783368,+0000.5333128666499027,+0000.1737393286717599
+0000.2960845380770655,+0000.5254080764528105,+0000.1785073854701234
+0000.2991530778054108,+0000.5175212488260005,+0000.1833256733685881
+0000.3021524936590897,+0000.5096544256584601,+0000.1881930806824497
+0000.3050819043497481,+0000.5018096145840251,+0000.1931084810662263
+0000.3079404770173932,+0000.4939887886809709,+0000.1980707343016354
+0000.3107274267318235,+0000.4861938861905896,+0000.2030786870775865
+0000.3134420159834279,+0000.4784268102545559,+0000.2081311737620158
+0000.3160835541637239,+0000.4706894286708827,+0000.2132270171653931
+0000.3186513970360024,+0000.4629835736682603,+0000.2183650292957369
+0000.3211449461964465,+0000.4553110416985700,+0000.2235440121049830
+0000.3235636485260861,+0000.4476735932473613,+0000.2287627582265522
+0000.3259069956339520,+0000.4400729526620737,+0000.2340200517039739
+0000.3281745232917883,+0000.4325108079977854,+0000.2393146687104260
+0000.3303658108606801,+0000.4249888108802641,+0000.2446453782590554
+0000.3324804807099514,+0000.4175085763860945,+0000.2500109429039538
+0000.3345181976286846,+0000.4100716829396509,+0000.2554101194316642
+0000.3364786682302124,+0000.4026796722266844,+0000.2608416595431028
+0000.3383616403499267,+0000.3953340491242876,+0000.2663043105257854
+0000.3401669024367496,+0000.3880362816469985,+0000.2717968159162516
+0000.3418942829386067,+0000.3807878009088043,+0000.2773179161525887
+0000.3435436496822407,+0000.3735900011007992,+0000.2828663492169598
+0000.3451149092476982,+0000.3664442394842537,+0000.2884408512680478
+0000.3466080063378239,+0000.3593518363988449,+0000.2940401572633309
+0000.3480229231430869,+0000.3523140752858001,+0000.2996630015711128
+0000.3493596787020660,+0000.3453322027257008,+0000.3053081185722329
+0000.3506183282579141,+0000.3384074284906942,+0000.3109742432513913
+0000.3517989626111193,+0000.3315409256108570,+0000.3166601117780233
+0000.3529017074688763,+0000.3247338304544554,+0000.3223644620766680
+0000.3539267227913801,+0000.3179872428218420,+0000.3280860343867775
+0000.3548742021353454,+0000.3113022260527331,+0000.3338235718119211
+0000.3557443719950583,+0000.3046798071466023,+0000.3395758208583390
+0000.3565374911412552,+0000.2981209768959328,+0000.3453415319628115
+0000.3572538499581278,+0000.2916266900320637,+0000.3511194600098081
+0000.3578937697787413,+0000.2851978653833679,+0000.3569083648378903
+0000.3584576022191565,+0000.2788353860454993,+0000.3627070117353436
+0000.3589457285115357,+0000.2725400995634422,+0000.3685141719250216
+0000.3593585588365128,+0000.2663128181251014,+0000.3743286230383853
+0000.3596965316551020,+0000.2601543187661662,+0000.3801491495787312
+0000.3599601130404153,+0000.2540653435859835,+0000.3859745433736008
+0000.3601497960094547,+0000.2480465999741746,+0000.3918036040163702
+0000.3602660998552418,+0000.2420987608477318,+0000.3976351392970259
+0000.3603095694795418,+0000.2362224648983269,+0000.4034679656221309
+0000.3602807747264345,+0000.2304183168495701,+0000.4093009084239950
+0000.3601803097169832,+0000.2246868877239516,+0000.4151328025590648
+0000.3600087921852432,+0000.2190287151192043,+0000.4209624926955520
+0000.3597668628158521,+0000.2134443034938214,+0000.4267888336903259
+0000.3594551845834363,+0000.2079341244614689,+0000.4326106909550942
+0000.3590744420940649,+0000.2024986170940270,+0000.4384269408119075
+0000.3586253409289779,+0000.1971381882330032,+0000.4442364708380183
+0000.3581086069908099,+0000.1918532128090518,+0000.4500381802001376
+0000.3575249858525285,+0000.1866440341693445,+0000.4558309799781263
+0000.3568752421092974,+0000.1815109644125296,+0000.4616137934781723
+0000.3561601587334757,+0000.1764542847310264,+0000.4673855565354972
+0000.3553805364329554,+0000.1714742457603940,+0000.4731452178066501
+0000.3545371930130359,+0000.1665710679355245,+0000.4788917390514390
+0000.3536309627420323,+0000.1617449418534028,+0000.4846240954045643
+0000.3526626957208047,+0000.1569960286421845,+0000.4903412756370103
+0000.3516332572563958,+0000.1523244603363381,+0000.4960422824072656
+0000.3505435272399579,+0000.1477303402576067,+0000.5017261325024349
+0000.3493943995291433,+0000.1432137434015373,+0000.5073918570693190
+0000.3481867813351324,+0000.1387747168293373,+0000.5130385018355297
+0000.3469215926144654,+0000.1344132800648107,+0000.5186651273207233
+0000.3455997654658391,+0000.1301294254961346,+0000.5242708090380257
+0000.3442222435320288,+0000.1259231187822357,+0000.5298546376857349
+0000.3427899814070870,+0000.1217942992635299,+0000.5354157193293827
+0000.3413039440489686,+0000.1177428803767872,+0000.5409531755742437
+0000.3397651061977267,+0000.1137687500738930,+0000.5464661437283798
+0000.3381744517994182,+0000.1098717712442692,+0000.5519537769563121
+0000.3365329734358556,+0000.1060517821407312,+0000.5574152444234126
+0000.3348416717603349,+0000.1023085968085509,+0000.5628497314311137
+0000.3331015549394662,+0000.0986420055175034,+0000.5682564395430298
+0000.3313136381012289,+0000.0950517751966747,+0000.5736345867020959
+0000.3294789427893695,+0000.0915376498718121,+0000.5789834073388178
+0000.3275984964242538,+0000.0880993511049997,+0000.5843021524707459
+0000.3256733317702839,+0000.0847365784364454,+0000.5895900897932701
+0000.3237044864099825,+0000.0814490098281678,+0000.5948465037618491
+0000.3216930022248470,+0000.0782363021093741,+0000.6000706956657783
+0000.3196399248830664,+0000.0750980914233226,+0000.6052619836936105
+0000.3175463033341947,+0000.0720339936754675,+0000.6104197029903373
+0000.3154131893108674,+0000.0690436049826827,+0000.6155432057064494
+0000.3132416368376436,+0000.0661265021233712,+0000.6206318610389846
+0000.3110327017470542,+0000.0632822429882599,+0000.6256850552646853
+0000.3087874412029286,+0000.0605103670316916,+0000.6307021917653792
+0000.3065069132310744,+0000.0578103957232234,+0000.6356826910457016
+0000.3041921762573721,+0000.0551818329993454,+0000.6406259907432820
+0000.3018442886533525,+0000.0526241657151362,+0000.6455315456315107
+0000.2994643082893109,+0000.0501368640956754,+0000.6503988276150131
+0000.2970532920950171,+0000.0477193821870352,+0000.6552273257179472
+0000.2946122956280685,+0000.0453711583066767,+0000.6600165460652542
+0000.2921423726499366,+0000.0430916154930810,+0000.6647660118569818
+0000.2896445747097474,+0000.0408801619544442,+0000.6694752633358078
+0000.2871199507358377,+0000.0387361915162748,+0000.6741438577478869
+0000.2845695466351207,+0000.0366590840677278,+0000.6787713692971509
+0000.2819944049002959,+0000.0346482060065196,+0000.6833573890931839
+0000.2793955642249286,+0000.0327029106822660,+0000.6879015250928049
+0000.2767740591264270,+0000.0308225388380919,+0000.6924034020354805
+0000.2741309195769365,+0000.0290064190503625,+0000.6968626613727004
+0000.2714671706421695,+0000.0272538681663898,+0000.7012789611914400
+0000.2687838321281855,+0000.0255641917399718,+0000.7056519761318419
+0000.2660819182361329,+0000.0239366844646241,+0000.7099813972992423
+0000.2633624372249592,+0000.0223706306043664,+0000.7142669321706737
+0000.2606263910820958,+0000.0208653044219319,+0000.7185083044959716
+0000.2578747752021170,+0000.0194199706042676,+0000.7227052541936145
+0000.2551085780733732,+0000.0180338846851996,+0000.7268575372414264
+0000.2523287809725903,+0000.0167062934651377,+0000.7309649255622712
+0000.2495363576674320,+0000.0154364354277007,+0000.7350272069048667
+0000.2467322741270080,+0000.0142235411531421,+0000.7390441847198492
+0000.2439174882403198,+0000.0130668337284645,+0000.7430156780312149
+0000.2410929495426224,+0000.0119655291541086,+0000.7469415213032682
+0000.2382595989496854,+0000.0109188367471107,+0000.7508215643032030
+0000.2354183684999284,+0000.0099259595406225,+0000.7546556719594482
+0000.2325701811044079,+0000.0089860946796918,+0000.7584437242158993
+0000.2297159503046241,+0000.0080984338132055,+0000.7621856158821696
+0000.2268565800381208,+0000.0072621634818983,+0000.7658812564799800
+0000.2239929644118416,+0000.0064764655023366,+0000.7695305700858209
+0000.2211259874832090,+0000.0057405173467852,+0000.7731334951700048
+0000.2182565230488862,+0000.0050534925188737,+0000.7766899844322392
+0000.2153854344411822,+0000.0044145609249768,+0000.7802000046338401
+0000.2125135743320560,+0000.0038228892412298,+0000.7836635364267133
+0000.2096417845446755,+0000.0032776412761015,+0000.7870805741792222
+0000.2067708958724815,+0000.0027779783284500,+0000.7904511257990676
+0000.2039017279057097,+0000.0023230595409915,+0000.7937752125532980
+0000.2010350888653154,+0000.0019120422491125,+0000.7970528688855714
+0000.1981717754442488,+0000.0015440823249606,+0000.8002841422307897
+0000.1953125726560248,+0000.0012183345167529,+0000.8034690928272215
+0000.1924582536905268,+0000.0009339527832399,+0000.8066077935262326
+0000.1896095797769874,+0000.0006900906232711,+0000.8097003295997408
+0000.1867673000540812,+0000.0004859014004076,+0000.8127467985455106
+0000.1839321514470684,+0000.0003205386625300,+0000.8157473098904009
+0000.1811048585519209,+0000.0001931564563958,+0000.8187019849916827
+0000.1782861335263657,+0000.0001029096370986,+0000.8216109568365351
+0000.1754766759877754,+0000.0000489541723890,+0000.8244743698398348
+0000.1726771729178367,+0000.0000304474418158,+0000.8272923796403469
+0000.1698882985739213,+0000.0000465485306511,+0000.8300651528954268
+0000.1671107144070909,+0000.0000964185185660,+0000.8327928670743424
+0000.1643450689866553,+0000.0001792207630229,+0000.8354757102503210
+0000.1615919979312125,+0000.0002941211773584,+0000.8381138808914281
+0000.1588521238460888,+0000.0004402885035273,+0000.8407075876503830
+0000.1561260562671020,+0000.0006168945794862,+0000.8432570491534109
+0000.1534143916105669,+0000.0008231146011942,+0000.8457624937882381
+0000.1507177131294622,+0000.0010581273792115,+0000.8482241594913255
+0000.1480365908756733,+0000.0013211155898813,+0000.8506422935344445
+0000.1453715816682324,+0000.0016112660210782,+0000.8530171523106886
+0000.1427232290674653,+0000.0019277698125140,+0000.8553490011200200
+0000.1400920633549644,+0000.0022698226905906,+0000.8576381139544444
+0000.1374786015192965,+0000.0026366251977929,+0000.8598847732829099
+0000.1348833472473627,+0000.0030273829166180,+0000.8620892698360186
+0000.1323067909213171,+0000.0034413066880369,+0000.8642519023906454
+0000.1297494096209591,+0000.0038776128244901,+0000.8663729775545502
+0000.1272116671315070,+0000.0043355233174180,+0000.8684528095510744
+0000.1246940139566638,+0000.0048142660393311,+0000.8704917200040044
+0000.1221968873368823,+0000.0053130749404261,+0000.8724900377226910
+0000.1197207112727398,+0000.0058311902397549,+0000.8744480984875046
+0000.1172658965533277,+0000.0063678586109601,+0000.8763662448357115
+0000.1148328407895658,+0000.0069223333625855,+0000.8782448258478479
+0000.1124219284523446,+0000.0074938746129797,+0000.8800841969346749
+0000.1100335309154054,+0000.0080817494598061,+0000.8818847196247878
+0000.1076680065028613,+0000.0086852321441791,+0000.8836467613529588
+0000.1053257005412668,+0000.0093036042094469,+0000.8853706952492855
+0000.1030069454161388,+0000.0099361546546412,+0000.8870568999292191
+0000.1007120606328373,+0000.0105821800826189,+0000.8887057592845430
+0000.0984413528817066,+0000.0112409848429205,+0000.8903176622753721
+0000.0961951161073864,+0000.0119118811693723,+0000.8918930027232406
+0000.0939736315821928,+0000.0125941893124616,+0000.8934321791053449
+0000.0917771679834763,+0000.0132872376665147,+0000.8949355943500081
+0000.0896059814748616,+0000.0139903628917103,+0000.8964036556334273
+0000.0874603157912711,+0000.0147029100309606,+0000.8978367741777675
+0000.0853404023276396,+0000.0154242326216970,+0000.8992353650506626
+0000.0832464602312223,+0000.0161536928025952,+0000.9005998469661817
+0000.0811786964974027,+0000.0168906614152783,+0000.9019306420873182
+0000.0791373060689031,+0000.0176345181010376,+0000.9032281758300584
+0000.0771224719383053,+0000.0183846513926108,+0000.9044928766690831
+0000.0751343652537844,+0000.0191404588010605,+0000.9057251759451543
+0000.0731731454279616,+0000.0199013468977959,+0000.9069255076742416
+0000.0712389602497840,+0000.0206667313917823,+0000.9080943083584329
+0000.0693319459993334,+0000.0214360372019839,+0000.9092320167986818
+0000.0674522275654748,+0000.0222086985250870,+0000.9103390739094374
+0000.0655999185662478,+0000.0229841588985516,+0000.9114159225351997
+0000.0637751214719109,+0000.0237618712590408,+0000.9124630072690474
+0000.0619779277305439,+0000.0245412979962774,+0000.9134807742731778
+0000.0602084178961196,+0000.0253219110023796,+0000.9144696711014999
+0000.0584666617589492,+0000.0261031917167277,+0000.9154301465243221
+0000.0567527184784151,+0000.0268846311664152,+0000.9163626503551687
+0000.0550666367178973,+0000.0276657300023373,+0000.9172676332797645
+0000.0534084547818058,+0000.0284459985309737,+0000.9181455466872196
+0000.0517782007546285,+0000.0292249567419190,+0000.9189968425034515
+0000.0501758926419076,+0000.0300021343312193,+0000.9198219730268721
+0000.0486015385130550,+0000.0307770707205711,+0000.9206213907663729
+0000.0470551366459216,+0000.0315493150724406,+0000.9213955482816369
+0000.0455366756730314,+0000.0323184263011632,+0000.9221448980258046
+0000.0440461347293980,+0000.0330839730800814,+0000.9228698921905197
+0000.0425834836018360,+0000.0338455338447811,+0000.9235709825533821
+0000.0411486828796840,+0000.0346026967924880,+0000.9242486203278272
+0000.0397416841068560,+0000.0353550598776847,+0000.9249032560154584
+0000.0383624299351390,+0000.0361022308040093,+0000.9255353392608509
+0000.0370108542786538,+0000.0368438270124995,+0000.9261453187088459
+0000.0356868824694004,+0000.0375794756662428,+0000.9267336418643559
+0000.0343904314138047,+0000.0383088136314985,+0000.9273007549546960
+0000.0331214097501913,+0000.0390314874553515,+0000.9278471027944564
+0000.0318797180071012,+0000.0397471533399655,+0000.9283731286529325
+0000.0306652487623790,+0000.0404554771134964,+0000.9288792741241239
+0000.0294778868029514,+0000.0411561341977333,+0000.9293659789993145
+0000.0283175092852246,+0000.0418488095725294,+0000.9298336811422453
+0000.0271839858960226,+0000.0425331977370892,+0000.9302828163668875
+0000.0260771790139964,+0000.0432090026681772,+0000.9307138183178256
+0000.0249969438714291,+0000.0438759377753129,+0000.9311271183532572
+0000.0239431287163672,+0000.0445337258530177,+0000.9315231454306143
+0000.0229155749750072,+0000.0451820990301798,+0000.9319023259948124
+0000.0219141174142671,+0000.0458207987166026,+0000.9322650838691297
+0000.0209385843044771,+0000.0464495755468023,+0000.9326118401487199
+0000.0199887975821194,+0000.0470681893211210,+0000.9329430130967590
+0000.0190645730125529,+0000.0476764089442203,+0000.9332590180432261
+0000.0181657203526568,+0000.0482740123610229,+0000.9335602672863197
+0000.0172920435133291,+0000.0488607864901657,+0000.9338471699965045
+0000.0164433407217783,+0000.0494365271550327,+0000.9341201321231885
+0000.0156194046835441,+0000.0500010390124312,+0000.9343795563040240
+0000.0148200227441891,+0000.0505541354789789,+0000.9346258417768314
+0000.0140449770505995,+0000.0510956386552650,+0000.9348593842941350
+0000.0132940447118386,+0000.0516253792478526,+0000.9350805760403083
+0000.0125669979594932,+0000.0521431964891871,+0000.9352898055513191
+0000.0118636043074595,+0000.0526489380554740,+0000.9354874576370660
+0000.0111836267111103,+0000.0531424599825929,+0000.9356739133062962
+0000.0105268237257927,+0000.0536236265801107,+0000.9358495496940961
+0000.0098929496646012,+0000.0540923103434579,+0000.9360147399919404
+0000.0092817547553747,+0000.0545483918643337,+0000.9361698533802911
+0000.0086929852968687,+0000.0549917597394007,+0000.9363152549637301
+0000.0081263838140509,+0000.0554223104773349,+0000.9364513057086138
+0000.0075816892124737,+0000.0558399484042918,+0000.9365783623832341
+0000.0070586369316751,+0000.0562445855678531,+0000.9366967775004713
+0000.0065569590975639,+0000.0566361416395138,+0000.9368068992629218
+0000.0060763846737422,+0000.0570145438157729,+0000.9369090715104844
+0000.0056166396117231,+0000.0573797267178888,+0000.9370036336703876
+0000.0051774470000009,+0000.0577316322903590,+0000.9370909207096396
+0000.0047585272119311,+0000.0580702096981865,+0000.9371712630898820
+0000.0043595980523821,+0000.0583954152229899,+0000.9372449867246274
+0000.0039803749031180,+0000.0587072121580195,+0000.9373124129388620
+0000.0036205708668743,+0000.0590055707021354,+0000.9373738584309899
+0000.0032798969100910,+0000.0592904678528088,+0000.9374296352370997
+0000.0029580620042669,+0000.0595618872982012,+0000.9374800506975314
+0000.0026547732658994,+0000.0598198193083811,+0000.9375254074257190
+0000.0023697360949781,+0000.0600642606257334,+0000.9375660032792879
+0000.0021026543119988,+0000.0602952143546186,+0000.9376021313333820
+0000.0018532302934666,+0000.0605126898503355,+0000.9376340798561973
+0000.0016211651058588,+0000.0607167026074446,+0000.9376621322866959
+0000.0014061586380180,+0000.0609072741475043,+0000.9376865672144770
+0000.0012079097319473,+0000.0610844319062747,+0000.9377076583617773
+0000.0010261163119813,+0000.0612482091204412,+0000.9377256745675768
+0000.0008604755123065,+0000.0613986447139107,+0000.9377408797737821
+0000.0007106838028079,+0000.0615357831837317,+0000.9377535330134597
+0000.0005764371132155,+0000.0616596744856893,+0000.9377638884010945
+0000.0004574309555309,+0000.0617703739196252,+0000.9377721951248431
+0000.0003533605447113,+0000.0618679420145328,+0000.9377786974407551
+0000.0002639209175898,+0000.0619524444134751,+0000.9377836346689343
+0000.0001888070500138,+0000.0620239517583749,+0000.9377872411916105
+0000.0001277139721826,+0000.0620825395747236,+0000.9377897464530930
+0000.0000803368821664,+0000.0621282881562561,+0000.9377913749615768
+0000.0000463712575909,+0000.0621612824496370,+0000.9377923462927715
+0000.0000255129654718,+0000.0621816119392042,+0000.9377928750953234
+0000.0000174583701854,+0000.0621893705318134,+0000.9377931710980006
+0000.0000219044395602,+0000.0621846564418278,+0000.9377934391186113
+0000.0000385488490797,+0000.0621675720762962,+0000.9377938790746234
+0000.0000670900841822,+0000.0621382239203609,+0000.9377946859954561
+0000.0001072275406488,+0000.0620967224229377,+0000.9377960500364128
+0000.0001586616230695,+0000.0620431818827076,+0000.9377981564942220
+0000.0002210938413784,+0000.0619777203344619,+0000.9378011858241589
+0000.0002942269054504,+0000.0619004594358371,+0000.9378053136587118
+0000.0003777648177529,+0000.0618115243544811,+0000.9378107108277653
+0000.0004714129640454,+0000.0617110436556856,+0000.9378175433802683
+0000.0005748782021238,+0000.0615991491905227,+0000.9378259726073529
+0000.0006878689486026,+0000.0614759759845217,+0000.9378361550668750
+0000.0008100952637339,+0000.0613416621269211,+0000.9378482426093444
+0000.0009412689342592,+0000.0611963486605297,+0000.9378623824052106
+0000.0010811035542926,+0000.0610401794722315,+0000.9378787169734754
+0000.0012293146042351,+0000.0608733011841662,+0000.9378973842115981
+0000.0013856195277190,+0000.0606958630456179,+0000.9379185174266625
+0000.0015497378065828,+0000.0605080168256428,+0000.9379422453677738
+0000.0017213910338799,+0000.0603099167064669,+0000.9379686922596526
+0000.0019003029849210,+0000.0601017191776827,+0000.9379979778373957
+0000.0020861996863543,+0000.0598835829312743,+0000.9380302173823708
+0000.0022788094832872,+0000.0596556687574986,+0000.9380655217592135
+0000.0024778631044541,+0000.0594181394416504,+0000.9381039974538949
+0000.0026830937254339,+0000.0591711596617363,+0000.9381457466128291
+0000.0028942370299256,+0000.0589148958870864,+0000.9381908670829874
+0000.0031110312690857,+0000.0586495162779244,+0000.9382394524529893
+0000.0033332173189368,+0000.0583751905859238,+0000.9382915920951389
+0000.0035605387358539,+0000.0580920900557720,+0000.9383473712083736
+0000.0037927418101371,+0000.0578003873277651,+0000.9384068708620973
+0000.0040295756176807,+0000.0575002563414548,+0000.9384701680408640
+0000.0042707920697463,+0000.0571918722403697,+0000.9385373356898835
+0000.0045161459608528,+0000.0568754112778302,+0000.9386084427613166
+0000.0047653950147923,+0000.0565510507238762,+0000.9386835542613311
+0000.0050182999287839,+0000.0562189687733282,+0000.9387627312978876
+0000.0052746244157778,+0000.0558793444549975,+0000.9388460311292243
+0000.0055341352449217,+0000.0555323575420652,+0000.9389335072130127
+0000.0057966022802025,+0000.0551781884636440,+0000.9390252092561531
+0000.0060617985172784,+0000.0548170182175408,+0000.9391211832651803
+0000.0063295001185128,+0000.0544490282842340,+0000.9392214715972529
+0000.0065994864462270,+0000.0540744005420802,+0000.9393261130116924
+0000.0068715400941862,+0000.0536933171837642,+0000.9394351427220492
+0000.0071454469173336,+0000.0533059606340043,+0000.9395485924486618
+0000.0074209960597886,+0000.0529125134685263,+0000.9396664904716848
+0000.0076979799811272,+0000.0525131583343178,+0000.9397888616845548
+0000.0079761944809593,+0000.0521080778711712,+0000.9399157276478692
+0000.0082554387218213,+0000.0516974546345300,+0000.9400471066436484
+0000.0085355152504018,+0000.0512814710196427,+0000.9401830137299552
+0000.0088162300171176,+0000.0508603091870381,+0000.9403234607958441
+0000.0090973923940589,+0000.0504341509893260,+0000.9404684566166148
+0000.0093788151913232,+0000.0500031778993333,+0000.9406180069093432
+0000.0096603146717554,+0000.0495675709395818,+0000.9407721143886625
+0000.0099417105641145,+0000.0491275106131134,+0000.9409307788227719
+0000.0102228260746871,+0000.0486831768356682,+0000.9410939970896444
+0000.0105034878973666,+0000.0482347488692219,+0000.9412617632334112
+0000.0107835262222192,+0000.0477824052568846,+0000.9414340685208958
+0000.0110627747425573,+0000.0473263237591665,+0000.9416109014982759
+0000.0113410706605407,+0000.0468666812916128,+0000.9417922480478461
+0000.0116182546913272,+0000.0464036538638106,+0000.9419780914448618
+0000.0118941710657942,+0000.0459374165197695,+0000.9421684124144361
+0000.0121686675318514,+0000.0454681432796773,+0000.9423631891884710
+0000.0124415953543693,+0000.0449960070830324,+0000.9425623975625981
+0000.0127128093137418,+0000.0445211797331513,+0000.9427660109531066
+0000.0129821677031088,+0000.0440438318430529,+0000.9429740004538379
+0000.0132495323242582,+0000.0435641327827179,+0000.9431863348930235
+0000.0135147684822315,+0000.0430822506277215,+0000.9434029808900466
+0000.0137777449786560,+0000.0425983521092377,+0000.9436239029121058
+0000.0140383341038244,+0000.0421126025654141,+0000.9438490633307611
+0000.0142964116275477,+0000.0416251658941117,+0000.9440784224783403
+0000.0145518567888014,+0000.0411362045070093,+0000.9443119387041889
+0000.0148045522841915,+0000.0406458792850655,+0000.9445495684307427
+0000.0150543842552602,+0000.0401543495353368,+0000.9447912662094026
+0000.0153012422746577,+0000.0396617729491453,+0000.9450369847761967
+0000.0155450193312015,+0000.0391683055615902,+0000.9452866751072080
+0000.0157856118138481,+0000.0386741017123997,+0000.9455402864737518
+0000.0160229194946000,+0000.0381793140081146,+0000.9457977664972850
+0000.0162568455103711,+0000.0376840932855982,+0000.9460590612040303
+0000.0164872963438363,+0000.0371885885768654,+0000.9463241150792978
+0000.0167141818032863,+0000.0366929470752237,+0000.9465928711214895
+0000.0169374150015130,+0000.0361973141027178,+0000.9468652708957686
+0000.0171569123337497,+0000.0357018330788695,+0000.9471412545873802
+0000.0173725934546877,+0000.0352066454907051,+0000.9474207610546067
+0000.0175843812545951,+0000.0347118908640603,+0000.9477037278813442
+0000.0177922018345606,+0000.0342177067361545,+0000.9479900914292844
+0000.0179959844808863,+0000.0337242286294233,+0000.9482797868896899
+0000.0181956616386523,+0000.0332315900266000,+0000.9485727483347473
+0000.0183911688844781,+0000.0327399223470361,+0000.9488689087684854
+0000.0185824448985025,+0000.0322493549242495,+0000.9491682001772476
+0000.0187694314356080,+0000.0317600149846891,+0000.9494705535797026
+0000.0189520732959098,+0000.0312720276277055,+0000.9497758990763844
+0000.0191303182945360,+0000.0307855158067151,+0000.9500841658987486
+0000.0193041172307196,+0000.0303006003115468,+0000.9503952824577333
+0000.0194734238562270,+0000.0298173997519578,+0000.9507091763918148
+0000.0196381948431455,+0000.0293360305423075,+0000.9510257746145466
+0000.0197983897510523,+0000.0288566068873755,+0000.9513450033615718
+0000.0199539709935889,+0000.0283792407693118,+0000.9516667882370989
+0000.0201049038044620,+0000.0279040419357050,+0000.9519910542598327
+0000.0202511562028946,+0000.0274311178887562,+0000.9523177259083488
+0000.0203926989585495,+0000.0269605738755439,+0000.9526467271659063
+0000.0205295055559466,+0000.0264925128793671,+0000.9529779815646859
+0000.0206615521583976,+0000.0260270356121508,+0000.9533114122294513
+0000.0207888175714780,+0000.0255642405079021,+0000.9536469419206195
+0000.0209112832060604,+0000.0251042237172006,+0000.9539844930767387
+0000.0210289330409282,+0000.0246470791027086,+0000.9543239878563629
+0000.0211417535849938,+0000.0241928982356873,+0000.9546653481793186
+0000.0212497338391400,+0000.0237417703935032,+0000.9550084957673566
+0000.0213528652577071,+0000.0232937825581100,+0000.9553533521841826
+0000.0214511417096464,+0000.0228490194154907,+0000.9556998388748625
+0000.0215445594393601,+0000.0224075633560439,+0000.9560478772045956
+0000.0216331170272484,+0000.0219694944759000,+0000.9563973884968513
+0000.0217168153499840,+0000.0215348905791505,+0000.9567482940708651
+0000.0217956575405346,+0000.0211038271809755,+0000.9571005152784896
+0000.0218696489479514,+0000.0206763775116529,+0000.9574539735403954
+0000.0219387970969449,+0000.0202526125214339,+0000.9578085903816209
+0000.0220031116472671,+0000.0198326008862685,+0000.9581642874664641
+0000.0220626043529184,+0000.0194164090143646,+0000.9585209866327168
+0000.0221172890211979,+0000.0190041010535654,+0000.9588786099252365
+0000.0221671814716175,+0000.0185957388995280,+0000.9592370796288543
+0000.0222122994946958,+0000.0181913822046874,+0000.9595963183006165
+0000.0222526628106522,+0000.0177910883879890,+0000.9599562488013587
+0000.0222882930280164,+0000.0173949126453740,+0000.9603167943266094
+0000.0223192136021741,+0000.0170029079610008,+0000.9606778784368248
+0000.0223454497938639,+0000.0166151251191858,+0000.9610394250869501
+0000.0223670286276426,+0000.0162316127170477,+0000.9614013586553095
+0000.0223839788503377,+0000.0158524171778380,+0000.9617636039718241
+0000.0223963308895017,+0000.0154775827649419,+0000.9621260863455563
+0000.0224041168118846,+0000.0151071515965335,+0000.9624887315915818
+0000.0224073702819427,+0000.0147411636608669,+0000.9628514660571903
+0000.0224061265203966,+0000.0143796568321891,+0000.9632142166474142
+0000.0224004222628559,+0000.0140226668872567,+0000.9635769108498873
+0000.0223902957185258,+0000.0136702275224408,+0000.9639394767590334
+0000.0223757865290089,+0000.0133223703714028,+0000.9643018430995883
+0000.0223569357272189,+0000.0129791250233257,+0000.9646639392494554
+0000.0223337856964194,+0000.0126405190416844,+0000.9650256952618963
+0000.0223063801294020,+0000.0123065779835376,+0000.9653870418870605
+0000.0222747639878182,+0000.0119773254193270,+0000.9657479105928547
+0000.0222389834616781,+0000.0116527829531664,+0000.9661082335851555
+0000.0221990859290287,+0000.0113329702436039,+0000.9664679438273674
+0000.0221551199158263,+0000.0110179050248439,+0000.9668269750593298
+0000.0221071350560144,+0000.0107076031284095,+0000.9671852618155761
+0000.0220551820518195,+0000.0104020785052325,+0000.9675427394429480
+0000.0219993126342783,+0000.0101013432481524,+0000.9678993441175693
+0000.0219395795240061,+0000.0098054076148121,+0000.9682550128611818
+0000.0218760363922200,+0000.0095142800509309,+0000.9686096835568491
+0000.0218087378220265,+0000.0092279672139427,+0000.9689632949640308
+0000.0217377392699863,+0000.0089464739969814,+0000.9693157867330323
+0000.0216630970279645,+0000.0086698035532004,+0000.9696670994188351
+0000.0215848681852793,+0000.0083979573204094,+0000.9700171744943114
+0000.0215031105911575,+0000.0081309350460141,+0000.9703659543628284
+0000.0214178828175079,+0000.0078687348122443,+0000.9707133823702477
+0000.0213292441220204,+0000.0076113530616548,+0000.9710594028163247
+0000.0212372544116026,+0000.0073587846228848,+0000.9714039609655125
+0000.0211419742061606,+0000.0071110227366618,+0000.9717470030571776
+0000.0210434646027341,+0000.0068680590820344,+0000.9720884763152315
+0000.0209417872399938,+0000.0066298838028211,+0000.9724283289571852
+0000.0208370042631089,+0000.0063964855342601,+0000.9727665102026311
+0000.0207291782889938,+0000.0061678514298464,+0000.9731029702811598
+0000.0206183723719402,+0000.0059439671883427,+0000.9734376604397172
+0000.0205046499696421,+0000.0057248170809493,+0000.9737705329494087
+0000.0203880749096227,+0000.0055103839786216,+0000.9741015411117557
+0000.0202687113560670,+0000.0053006493795200,+0000.9744306392644132
+0000.0201466237770688,+0000.0050955934365792,+0000.9747577827863523
+0000.0200218769122977,+0000.0048951949851853,+0000.9750829281025173
+0000.0198945357410921,+0000.0046994315709464,+0000.9754060326879618
+0000.0197646654509837,+0000.0045082794775444,+0000.9757270550714722
+0000.0196323314066593,+0000.0043217137546562,+0000.9760459548386848
+0000.0194975991193650,+0000.0041397082459307,+0000.9763626926347047
+0000.0193605342167576,+0000.0039622356170109,+0000.9766772301662318
+0000.0192212024132084,+0000.0037892673835878,+0000.9769895302032041
+0000.0190796694805627,+0000.0036207739394756,+0000.9772995565799620
+0000.0189360012193607,+0000.0034567245846949,+0000.9776072741959447
+0000.0187902634305225,+0000.0032970875535548,+0000.9779126490159230
+0000.0186425218875016,+0000.0031418300427202,+0000.9782156480697785
+0000.0184928423089098,+0000.0029909182392550,+0000.9785162394518355
+0000.0183412903316171,+0000.0028443173486297,+0000.9788143923197535
+0000.0181879314843298,+0000.0027019916226825,+0000.9791100768929880
+0000.0180328311616485,+0000.0025639043875240,+0000.9794032644508277
+0000.0178760545986099,+0000.0024300180713750,+0000.9796939273300154
+0000.0177176668457131,+0000.0023002942323264,+0000.9799820389219608
+0000.0175577327444342,+0000.0021746935860132,+0000.9802675736695529
+0000.0173963169032290,+0000.0020531760331911,+0000.9805505070635802
+0000.0172334836740274,+0000.0019357006872068,+0000.9808308156387662
+0000.0170692971292191,+0000.0018222259013533,+0000.9811084769694279
+0000.0169038210391335,+0000.0017127092961000,+0000.9813834696647669
+0000.0167371188500124,+0000.0016071077861897,+0000.9816557733637983
+0000.0165692536624791,+0000.0015053776075926,+0000.9819253687299287
+0000.0164002882105015,+0000.0014074743443102,+0000.9821922374451887
+0000.0162302848408525,+0000.0013133529550194,+0000.9824563622041286
+0000.0160593054930642,+0000.0012229677995498,+0000.9827177267073864
+0000.0158874116798801,+0000.0011362726651854,+0000.9829763156549350
+0000.0157146644682008,+0000.0010532207927832,+0000.9832321147390165
+0000.0155411244605257,+0000.0009737649027019,+0000.9834851106367729
+0000.0153668517768892,+0000.0008978572205319,+0000.9837352910025795
+0000.0151919060372893,+0000.0008254495026207,+0000.9839826444600905
+0000.0150163463446098,+0000.0007564930613868,+0000.9842271605940041
+0000.0148402312680328,+0000.0006909387904136,+0000.9844688299415542
+0000.0146636188269419,+0000.0006287371893195,+0000.9847076439837392
+0000.0144865664753127,+0000.0005698383883950,+0000.9849435951362929
+0000.0143091310865906,+0000.0005141921730034,+0000.9851766767404067
+0000.0141313689390530,+0000.0004617480077363,+0000.9854068830532113
+0000.0139533357016541,+0000.0004124550603206,+0000.9856342092380259
+0000.0137750864203501,+0000.0003662622252698,+0000.9858586513543807
+0000.0135966755049022,+0000.0003231181472753,+0000.9860802063478231
+0000.0134181567161557,+0000.0002829712443310,+0000.9862988720395138
+0000.0132395831537915,+0000.0002457697305883,+0000.9865146471156208
+0000.0130610072445475,+0000.0002114616389349,+0000.9867275311165182
+0000.0128824807309073,+0000.0001799948432931,+0000.9869375244258001
+0000.0127040546602534,+0000.0001513170806346,+0000.9871446282591125
+0000.0125257793744801,+0000.0001253759727049,+0000.9873488446528156
+0000.0123477045000647,+0000.0001021190474557,+0000.9875501764524802
+0000.0121698789385923,+0000.0000814937601803,+0000.9877486273012280
+0000.0119923508577311,+0000.0000634475143479,+0000.9879442016279216
+0000.0118151676826539,+0000.0000479276821344,+0000.9881369046352123
+0000.0116383760879030,+0000.0000348816246451,+0000.9883267422874524
+0000.0114620219896936,+0000.0000242567118270,+0000.9885137212984799
+0000.0112861505386516,+0000.0000160003420678,+0000.9886978491192812
+0000.0111108061129826,+0000.0000100599614773,+0000.9888791339255406
+0000.0109360323120671,+0000.0000063830828509,+0000.9890575846050825
+0000.0107618719504770,+0000.0000049173043104,+0000.9892332107452132
+0000.0105883670524104,+0000.0000056103276214,+0000.9894060226199688
+0000.0104155588465387,+0000.0000084099761844,+0000.9895760311772773
+0000.0102434877612623,+0000.0000132642126979,+0000.9897432480260403
+0000.0100721934203693,+0000.0000201211564908,+0000.9899076854231404
+0000.0099017146390935,+0000.0000289291005243,+0000.9900693562603827
+0000.0097320894205656,+0000.0000396365280600,+0000.9902282740513748
+0000.0095633549526536,+0000.0000521921289935,+0000.9903844529183533
+0000.0093955476051864,+0000.0000665448158524,+0000.9905379075789615
+0000.0092287029275564,+0000.0000826437394579,+0000.9906886533329859
+0000.0090628556466955,+0000.0001004383042483,+0000.9908367060490565
+0000.0088980396654188,+0000.0001198781832643,+0000.9909820821513171
+0000.0087342880611315,+0000.0001409133327958,+0000.9911247986060731
+0000.0085716330848928,+0000.0001634940066884,+0000.9912648729084191
+0000.0084101061608326,+0000.0001875707703111,+0000.9914023230688566
+0000.0082497378859134,+0000.0002130945141840,+0000.9915371675999028
+0000.0080905580300346,+0000.0002400164672653,+0000.9916694255027004
+0000.0079325955364708,+0000.0002682882098994,+0000.9917991162536302
+0000.0077758785226408,+0000.0002978616864253,+0000.9919262597909342
+0000.0076204342812003,+0000.0003286892174457,+0000.9920508765013543
+0000.0074662892814531,+0000.0003607235117572,+0000.9921729872067899
+0000.0073134691710747,+0000.0003939176779430,+0000.9922926131509826
+0000.0071619987781428,+0000.0004282252356279,+0000.9924097759862296
+0000.0070119021134694,+0000.0004636001263971,+0000.9925244977601339
+0000.0068632023732272,+0000.0004999967243796,+0000.9926368009023935
+0000.0067159219418661,+0000.0005373698464974,+0000.9927467082116367
+0000.0065700823953132,+0000.0005756747623814,+0000.9928542428423057
+0000.0064257045044496,+0000.0006148672039557,+0000.9929594282915950
+0000.0062828082388603,+0000.0006549033746918,+0000.9930622883864481
+0000.0061414127708489,+0000.0006957399585343,+0000.9931628472706171
+0000.0060015364797121,+0000.0007373341284987,+0000.9932611293917896
+0000.0058631969562689,+0000.0007796435549451,+0000.9933571594887863
+0000.0057264110076374,+0000.0008226264135278,+0000.9934509625788350
+0000.0055911946622536,+0000.0008662413928238,+0000.9935425639449228
+0000.0054575631751263,+0000.0009104477016419,+0000.9936319891232320
+0000.0053255310333226,+0000.0009552050760144,+0000.9937192638906631
+0000.0051951119616772,+0000.0010004737858749,+0000.9938044142524480
+0000.0050663189287202,+0000.0010462146414218,+0000.9938874664298581
+0000.0049391641528174,+0000.0010923889991736,+0000.9939684468480092
+0000.0048136591085170,+0000.0011389587677151,+0000.9940473821237681
+0000.0046898145330969,+0000.0011858864131395,+0000.9941242990537638
+0000.0045676404333068,+0000.0012331349641880,+0000.9941992246025054
+0000.0044471460922990,+0000.0012806680170893,+0000.9942721858906119
+0000.0043283400767425,+0000.0013284497401031,+0000.9943432101831546
+0000.0042112302441141,+0000.0013764448777695,+0000.9944123248781166
+0000.0040958237501608,+0000.0014246187548674,+0000.9944795574949720
+0000.0039821270565282,+0000.0014729372800853,+0000.9945449356633866
+0000.0038701459385484,+0000.0015213669494073,+0000.9946084871120444
+0000.0037598854931822,+0000.0015698748492176,+0000.9946702396576003
+0000.0036513501471099,+0000.0016184286591269,+0000.9947302211937632
+0000.0035445436649649,+0000.0016669966545234,+0000.9947884596805118
+0000.0034394691577041,+0000.0017155477088527,+0000.9948449831334433
+0000.0033361290911108,+0000.0017640512956289,+0000.9948998196132603
+0000.0032345252944227,+0000.0018124774901816,+0000.9949529972153958
+0000.0031346589690812,+0000.0018607969711408,+0000.9950045440597780
+0000.0030365306975954,+0000.0019089810216651,+0000.9950544882807395
+0000.0029401404525163,+0000.0019570015304146,+0000.9951028580170691
+0000.0028454876055144,+0000.0020048309922747,+0000.9951496814022109
+0000.0027525709365573,+0000.0020524425088319,+0000.9951949865546108
+0000.0026613886431805,+0000.0020998097886074,+0000.9952388015682121
+0000.0025719383498466,+0000.0021469071470510,+0000.9952811545031025
+0000.0024842171173878,+0000.0021937095062994,+0000.9953220733763128
+0000.0023982214525269,+0000.0022401923947037,+0000.9953615861527695
+0000.0023139473174708,+0000.0022863319461277,+0000.9953997207364016
+0000.0022313901395724,+0000.0023321048990237,+0000.9954365049614039
+0000.0021505448210556,+0000.0023774885952877,+0000.9954719665836568
+0000.0020714057487977,+0000.0024224609788982,+0000.9955061332723042
+0000.0019939668041661,+0000.0024670005943435,+0000.9955390326014905
+0000.0019182213729028,+0000.0025110865848410,+0000.9955706920422563
+0000.0018441623550523,+0000.0025546986903518,+0000.9956011389545959
+0000.0017717821749296,+0000.0025978172453959,+0000.9956304005796744
+0000.0017010727911211,+0000.0026404231766711,+0000.9956585040322078
+0000.0016320257065163,+0000.0026824980004797,+0000.9956854762930040
+0000.0015646319783648,+0000.0027240238199678,+0000.9957113442016674
+0000.0014988822283534,+0000.0027649833221805,+0000.9957361344494661
+0000.0014347666527003,+0000.0028053597749375,+0000.9957598735723623
+0000.0013722750322611,+0000.0028451370235325,+0000.9957825879442064
+0000.0013113967426430,+0000.0028842994872621,+0000.9958043037700948
+0000.0012521207643223,+0000.0029228321557864,+0000.9958250470798913
+0000.0011944356927615,+0000.0029607205853261,+0000.9958448437219123
+0000.0011383297485223,+0000.0029979508947014,+0000.9958637193567762
+0000.0010837907873699,+0000.0030345097612142,+0000.9958816994514158
+0000.0010308063103645,+0000.0030703844163807,+0000.9958988092732547
+0000.0009793634739375,+0000.0031055626415159,+0000.9959150738845466
+0000.0009294490999463,+0000.0031400327631757,+0000.9959305181368778
+0000.0008810496857071,+0000.0031737836484601,+0000.9959451666658327
+0000.0008341514139984,+0000.0032068047001815,+0000.9959590438858200
+0000.0007887401630350,+0000.0032390858519021,+0000.9959721739850628
+0000.0007448015164070,+0000.0032706175628451,+0000.9959845809207477
+0000.0007023207729805,+0000.0033013908126827,+0000.9959962884143366
+0000.0006612829567578,+0000.0033313970962053,+0000.9960073199470366
+0000.0006216728266924,+0000.0033606284178769,+0000.9960176987554303
+0000.0005834748864566,+0000.0033890772862787,+0000.9960274478272644
+0000.0005466733941578,+0000.0034167367084464,+0000.9960365898973955
+0000.0005112523720010,+0000.0034436001841049,+0000.9960451474438938
+0000.0004771956158944,+0000.0034696616998036,+0000.9960531426843017
+0000.0004444867049948,+0000.0034949157229570,+0000.9960605975720480
+0000.0004131090111899,+0000.0035193571957937,+0000.9960675337930163
+0000.0003830457085157,+0000.0035429815292186,+0000.9960739727622655
+0000.0003542797825051,+0000.0035657845965911,+0000.9960799356209036
+0000.0003267940394651,+0000.0035877627274239,+0000.9960854432331109
+0000.0003005711156811,+0000.0036089127010053,+0000.9960905161833135
+0000.0002755934865451,+0000.0036292317399495,+0000.9960951747735053
+0000.0002518434756042,+0000.0036487175036789,+0000.9960994390207167
+0000.0002293032635301,+0000.0036673680818400,+0000.9961033286546298
+0000.0002079548970034,+0000.0036851819876596,+0000.9961068631153369
+0000.0001877802975141,+0000.0037021581512420,+0000.9961100615512438
+0000.0001687612700732,+0000.0037182959128131,+0000.9961129428171137
+0000.0001508795118356,+0000.0037335950159129,+0000.9961155254722515
+0000.0001341166206308,+0000.0037480556005418,+0000.9961178277788274
+0000.0001184541033998,+0000.0037616781962624,+0000.9961198677003378
+0000.0001038733845370,+0000.0037744637152615,+0000.9961216629002015
+0000.0000903558141343,+0000.0037864134453748,+0000.9961232307404909
+0000.0000778826761259,+0000.0037975290430789,+0000.9961245882807952
+0000.0000664351963333,+0000.0038078125264517,+0000.9961257522772150
+0000.0000559945504066,+0000.0038172662681071,+0000.9961267391814862
+0000.0000465418716632,+0000.0038258929881050,+0000.9961275651402318
+0000.0000380582588196,+0000.0038336957468409,+0000.9961282459943395
+0000.0000305247836180,+0000.0038406779379184,+0000.9961287972784636
+0000.0000239224983435,+0000.0038468432810064,+0000.9961292342206500
+0000.0000182324432324,+0000.0038521958146862,+0000.9961295717420813
+0000.0000134356537698,+0000.0038567398892889,+0000.9961298244569412
+0000.0000095131678752,+0000.0038604801597282,+0000.9961300066723965
+0000.0000064460329754,+0000.0038634215783305,+0000.9961301323886941
+0000.0000042153129634,+0000.0038655693876652,+0000.9961302152993714
+0000.0000028020950424,+0000.0038669291133783,+0000.9961302687915793
+0000.0000021874964539,+0000.0038675065570322,+0000.9961303059465139
+0000.0000023526710895,+0000.0038673077889532,+0000.9961303395399572
+0000.0000032788159848,+0000.0038663391410919,+0000.9961303820429234
+0000.0000049471776953,+0000.0038646071998958,+0000.9961304456224089
+0000.0000073390585540,+0000.0038621187992000,+0000.9961305421422459
+0000.0000104358228089,+0000.0038588810131361,+0000.9961306831640550
+0000.0000142189026407,+0000.0038549011490626,+0000.9961308799482966
+0000.0000186698040603,+0000.0038501867405201,+0000.9961311434554195
+0000.0000237701126852,+0000.0038447455402121,+0000.9961314843471026
+0000.0000295014993948,+0000.0038385855130149,+0000.9961319129875903
+0000.0000358457258636,+0000.0038317148290184,+0000.9961324394451179
+0000.0000427846499736,+0000.0038241418566006,+0000.9961330734934257
+0000.0000503002311030,+0000.0038158751555367,+0000.9961338246133602
+0000.0000583745352944,+0000.0038069234701468,+0000.9961347019945588
+0000.0000669897402992,+0000.0037972957224825,+0000.9961357145372183
+0000.0000761281405005,+0000.0037870010055558,+0000.9961368708539436
+0000.0000857721517130,+0000.0037760485766117,+0000.9961381792716754
+0000.0000959043158606,+0000.0037644478504460,+0000.9961396478336934
+0000.0001065073055320,+0000.0037522083927716,+0000.9961412843016964
+0000.0001175639284137,+0000.0037393399136331,+0000.9961430961579532
+0000.0001290571316009,+0000.0037258522608739,+0000.9961450906075252
+0000.0001409700057871,+0000.0037117554136552,+0000.9961472745805579
+0000.0001532857893315,+0000.0036970594760303,+0000.9961496547346382
+0000.0001659878722059,+0000.0036817746705757,+0000.9961522374572185
+0000.0001790597998202,+0000.0036659113320786,+0000.9961550288681014
+0000.0001924852767272,+0000.0036494799012860,+0000.9961580348219869
+0000.0002062481702084,+0000.0036324909187129,+0000.9961612609110788
+0000.0002203325137390,+0000.0036149550185144,+0000.9961647124677466
+0000.0002347225103349,+0000.0035968829224211,+0000.9961683945672440
+0000.0002494025357803,+0000.0035782854337394,+0000.9961723120304804
+0000.0002643571417382,+0000.0035591734314193,+0000.9961764694268426
+0000.0002795710587434,+0000.0035395578641894,+0000.9961808710770673
+0000.0002950291990784,+0000.0035194497447608,+0000.9961855210561609
+0000.0003107166595347,+0000.0034988601441019,+0000.9961904231963634
+0000.0003266187240574,+0000.0034778001857842,+0000.9961955810901585
+0000.0003427208662766,+0000.0034562810404003,+0000.9962009980933232
+0000.0003590087519250,+0000.0034343139200558,+0000.9962066773280193
+0000.0003754682411426,+0000.0034119100729357,+0000.9962126216859218
+0000.0003920853906695,+0000.0033890807779456,+0000.9962188338313851
+0000.0004088464559282,+0000.0033658373394301,+0000.9962253162046418
+0000.0004257378929959,+0000.0033421910819676,+0000.9962320710250366
+0000.0004427463604671,+0000.0033181533452437,+0000.9962391002942894
+0000.0004598587212088,+0000.0032937354790028,+0000.9962464057997886
+0000.0004770620440086,+0000.0032689488380794,+0000.9962539891179121
+0000.0004943436051171,+0000.0032438047775100,+0000.9962618516173731
+0000.0005116908896842,+0000.0032183146477247,+0000.9962699944625913
+0000.0005290915930933,+0000.0031924897898214,+0000.9962784186170855
+0000.0005465336221916,+0000.0031663415309212,+0000.9962871248468874
+0000.0005640050964193,+0000.0031398811796064,+0000.9962961137239746
+0000.0005814943488381,+0000.0031131200214413,+0000.9963053856297208
+0000.0005989899270613,+0000.0030860693145769,+0000.9963149407583620
+0000.0006164805940849,+0000.0030587402854386,+0000.9963247791204768
+0000.0006339553290224,+0000.0030311441244985,+0000.9963349005464794
+0000.0006514033277445,+0000.0030032919821316,+0000.9963453046901242
+0000.0006688140034235,+0000.0029751949645578,+0000.9963559910320190
+0000.0006861769869859,+0000.0029468641298670,+0000.9963669588831474
+0000.0007034821274725,+0000.0029183104841312,+0000.9963782073883967
+0000.0007207194923082,+0000.0028895449776005,+0000.9963897355300916
+0000.0007378793674833,+0000.0028605785009855,+0000.9964015421315315
+0000.0007549522576464,+0000.0028314218818240,+0000.9964136258605298
+0000.0007719288861115,+0000.0028020858809348,+0000.9964259852329539
+0000.0007888001947800,+0000.0027725811889555,+0000.9964386186162648
+0000.0008055573439784,+0000.0027429184229670,+0000.9964515242330549
+0000.0008221917122151,+0000.0027131081232029,+0000.9964647001645823
+0000.0008386948958554,+0000.0026831607498446,+0000.9964781443543004
+0000.0008550587087172,+0000.0026530866799014,+0000.9964918546113818
+0000.0008712751815889,+0000.0026228962041763,+0000.9965058286142352
+0000.0008873365616712,+0000.0025925995243161,+0000.9965200639140132
+0000.0009032353119426,+0000.0025622067499467,+0000.9965345579381111
+0000.0009189641104526,+0000.0025317278958930,+0000.9965493079936548
+0000.0009345158495416,+0000.0025011728794828,+0000.9965643112709760
+0000.0009498836349906,+0000.0024705515179348,+0000.9965795648470750
+0000.0009650607851014,+0000.0024398735258304,+0000.9965950656890686
+0000.0009800408297089,+0000.0024091485126682,+0000.9966108106576232
+0000.0009948175091274,+0000.0023783859805025,+0000.9966267965103704
+0000.0010093847730314,+0000.0023475953216631,+0000.9966430199053059
+0000.0010237367792732,+0000.0023167858165579,+0000.9966594774041693
+0000.0010378678926390,+0000.0022859666315569,+0000.9966761654758044
+0000.0010517726835437,+0000.0022551468169577,+0000.9966930804994989
+0000.0010654459266671,+0000.0022243353050307,+0000.9967102187683025
+0000.0010788825995330,+0000.0021935409081453,+0000.9967275764923219
+0000.0010920778810313,+0000.0021627723169755,+0000.9967451498019935
+0000.0011050271498860,+0000.0021320380987837,+0000.9967629347513305
+0000.0011177259830705,+0000.0021013466957839,+0000.9967809273211458
+0000.0011301701541706,+0000.0020707064235820,+0000.9967991234222476
+0000.0011423556316974,+0000.0020401254696932,+0000.9968175188986097
+0000.0011542785773517,+0000.0020096118921361,+0000.9968361095305124
+0000.0011659353442415,+0000.0019791736181024,+0000.9968548910376562
+0000.0011773224750526,+0000.0019488184427016,+0000.9968738590822459
+0000.0011884367001759,+0000.0019185540277800,+0000.9968930092720442
+0000.0011992749357916,+0000.0018883879008135,+0000.9969123371633950
+0000.0012098342819111,+0000.0018583274538732,+0000.9969318382642158
+0000.0012201120203802,+0000.0018283799426625,+0000.9969515080369575
+0000.0012301056128423,+0000.0017985524856265,+0000.9969713419015314
+0000.0012398126986657,+0000.0017688520631308,+0000.9969913352382036
+0000.0012492310928341,+0000.0017392855167109,+0000.9970114833904552
+0000.0012583587838029,+0000.0017098595483897,+0000.9970317816678076
+0000.0012671939313233,+0000.0016805807200632,+0000.9970522253486138
+0000.0012757348642335,+0000.0016514554529534,+0000.9970728096828133
+0000.0012839800782210,+0000.0016224900271277,+0000.9970935298946515
+0000.0012919282335545,+0000.0015936905810830,+0000.9971143811853628
+0000.0012995781527899,+0000.0015650631113945,+0000.9971353587358158
+0000.0013069288184490,+0000.0015366134724288,+0000.9971564577091225
+0000.0013139793706735,+0000.0015083473761181,+0000.9971776732532086
+0000.0013207291048561,+0000.0014802703917979,+0000.9971990005033463
+0000.0013271774692485,+0000.0014523879461039,+0000.9972204345846479
+0000.0013333240625490,+0000.0014247053229295,+0000.9972419706145217
+0000.0013391686314707,+0000.0013972276634426,+0000.9972636037050870
+0000.0013447110682902,+0000.0013699599661588,+0000.9972853289655512
+0000.0013499514083810,+0000.0013429070870735,+0000.9973071415045458
+0000.0013548898277289,+0000.0013160737398481,+0000.9973290364324233
+0000.0013595266404346,+0000.0012894644960523,+0000.9973510088635134
+0000.0013638622962021,+0000.0012630837854604,+0000.9973730539183379
+0000.0013678973778142,+0000.0012369358963997,+0000.9973951667257863
+0000.0013716325985987,+0000.0012110249761518,+0000.9974173424252497
+0000.0013750687998828,+0000.0011853550314045,+0000.9974395761687129
+0000.0013782069484402,+0000.0011599299287535,+0000.9974618631228065
+0000.0013810481339303,+0000.0011347533952534,+0000.9974841984708166
+0000.0013835935663302,+0000.0011098290190164,+0000.9975065774146537
+0000.0013858445733629,+0000.0010851602498580,+0000.9975289951767794
+0000.0013878025979195,+0000.0010607503999887,+0000.9975514470020921
+0000.0013894691954801,+0000.0010366026447502,+0000.9975739281597699
+0000.0013908460315310,+0000.0010127200233963,+0000.9975964339450729
+0000.0013919348789820,+0000.0009891054399153,+0000.9976189596811030
+0000.0013927376155830,+0000.0009657616638954,+0000.9976415007205219
+0000.0013932562213424,+0000.0009426913314306,+0000.9976640524472273
+0000.0013934927759467,+0000.0009198969460657,+0000.9976866102779879
+0000.0013934494561838,+0000.0008973808797808,+0000.9977091696640357
+0000.0013931285333697,+0000.0008751453740133,+0000.9977317260926172
+0000.0013925323707807,+0000.0008531925407164,+0000.9977542750885030
+0000.0013916634210911,+0000.0008315243634533,+0000.9977768122154558
+0000.0013905242238175,+0000.0008101426985262,+0000.9977993330776564
+0000.0013891174027716,+0000.0007890492761388,+0000.9978218333210896
+0000.0013874456635206,+0000.0007682457015916,+0000.9978443086348879
+0000.0013855117908575,+0000.0007477334565085,+0000.9978667547526342
+0000.0013833186462816,+0000.0007275139000943,+0000.9978891674536242
+0000.0013808691654902,+0000.0007075882704218,+0000.9979115425640882
+0000.0013781663558820,+0000.0006879576857470,+0000.9979338759583712
+0000.0013752132940734,+0000.0006686231458528,+0000.9979561635600741
+0000.0013720131234279,+0000.0006495855334186,+0000.9979784013431539
+0000.0013685690516002,+0000.0006308456154158,+0000.9980005853329842
+0000.0013648843480953,+0000.0006124040445281,+0000.9980227116073768
+0000.0013609623418425,+0000.0005942613605953,+0000.9980447762975624
+0000.0013568064187866,+0000.0005764179920800,+0000.9980667755891336
+0000.0013524200194961,+0000.0005588742575559,+0000.9980887057229482
+0000.0013478066367887,+0000.0005416303672171,+0000.9981105629959943
+0000.0013429698133756,+0000.0005246864244073,+0000.9981323437622172
+0000.0013379131395248,+0000.0005080424271678,+0000.9981540444333076
+0000.0013326402507435,+0000.0004916982698037,+0000.9981756614794529
+0000.0013271548254818,+0000.0004756537444670,+0000.9981971914300514
+0000.0013214605828560,+0000.0004599085427563,+0000.9982186308743878
+0000.0013155612803945,+0000.0004444622573313,+0000.9982399764622744
+0000.0013094607118045,+0000.0004293143835417,+0000.9982612249046540
+0000.0013031627047619,+0000.0004144643210703,+0000.9982823729741680
+0000.0012966711187240,+0000.0003999113755880,+0000.9983034175056882
+0000.0012899898427654,+0000.0003856547604207,+0000.9983243553968140
+0000.0012831227934385,+0000.0003716935982275,+0000.9983451836083340
+0000.0012760739126573,+0000.0003580269226884,+0000.9983658991646543
+0000.0012688471656072,+0000.0003446536802014,+0000.9983864991541915
+0000.0012614465386792,+0000.0003315727315884,+0000.9984069807297326
+0000.0012538760374303,+0000.0003187828538082,+0000.9984273411087616
+0000.0012461396845698,+0000.0003062827416762,+0000.9984475775737541
+0000.0012382415179719,+0000.0002940710095902,+0000.9984676874724380
+0000.0012301855887152,+0000.0002821461932617,+0000.9984876682180231
+0000.0012219759591493,+0000.0002705067514510,+0000.9985075172893998
+0000.0012136167009891,+0000.0002591510677061,+0000.9985272322313049
+0000.0012051118934365,+0000.0002480774521048,+0000.9985468106544587
+0000.0011964656213303,+0000.0002372841429987,+0000.9985662502356711
+0000.0011876819733245,+0000.0002267693087579,+0000.9985855487179176
+0000.0011787650400953,+0000.0002165310495179,+0000.9986047039103868
+0000.0011697189125768,+0000.0002065673989249,+0000.9986237136884983
+0000.0011605476802257,+0000.0001968763258811,+0000.9986425759938933
+0000.0011512554293153,+0000.0001874557362886,+0000.9986612888343962
+0000.0011418462412596,+0000.0001783034747907,+0000.9986798502839498
+0000.0011323241909660,+0000.0001694173265112,+0000.9986982584825228
+0000.0011226933452190,+0000.0001607950187893,+0000.9987165116359917
+0000.0011129577610927,+0000.0001524342229113,+0000.9987346080159960
+0000.0011031214843949,+0000.0001443325558367,+0000.9987525459597684
+0000.0010931885481401,+0000.0001364875819201,+0000.9987703238699398
+0000.0010831629710537,+0000.0001288968146259,+0000.9987879402143203
+0000.0010730487561067,+0000.0001215577182377,+0000.9988053935256554
+0000.0010628498890804,+0000.0001144677095595,+0000.9988226824013600
+0000.0010525703371624,+0000.0001076241596101,+0000.9988398055032275
+0000.0010422140475730,+0000.0001010243953085,+0000.9988567615571186
+0000.0010317849462223,+0000.0000946657011513,+0000.9988735493526263
+0000.0010212869363987,+0000.0000885453208802,+0000.9988901677427211
+0000.0010107238974868,+0000.0000826604591400,+0000.9989066156433732
+0000.0010000996837181,+0000.0000770082831259,+0000.9989228920331560
+0000.0009894181229508,+0000.0000715859242205,+0000.9989389959528286
+0000.0009786830154814,+0000.0000663904796190,+0000.9989549265048997
+0000.0009678981328864,+0000.0000614190139429,+0000.9989706828531707
+0000.0009570672168958,+0000.0000566685608414,+0000.9989862642222628
+0000.0009461939782958,+0000.0000521361245800,+0000.9990016698971241
+0000.0009352820958635,+0000.0000478186816162,+0000.9990168992225203
+0000.0009243352153313,+0000.0000437131821612,+0000.9990319516025076
+0000.0009133569483821,+0000.0000398165517284,+0000.9990468264998896
+0000.0009023508716748,+0000.0000361256926667,+0000.9990615234356586
+0000.0008913205259000,+0000.0000326374856799,+0000.9990760419884201
+0000.0008802694148661,+0000.0000293487913302,+0000.9990903817938037
+0000.0008692010046151,+0000.0000262564515269,+0000.9991045425438581
+0000.0008581187225685,+0000.0000233572909987,+0000.9991185239864330
+0000.0008470259567026,+0000.0000206481187504,+0000.9991323259245471
+0000.0008359260547542,+0000.0000181257295027,+0000.9991459482157433
+0000.0008248223234546,+0000.0000157869051154,+0000.9991593907714301
+0000.0008137180277938,+0000.0000136284159936,+0000.9991726535562128
+0000.0008026163903133,+0000.0000116470224760,+0000.9991857365872109
+0000.0007915205904275,+0000.0000098394762066,+0000.9991986399333660
+0000.0007804337637749,+0000.0000082025214871,+0000.9992113637147381
+0000.0007693590015963,+0000.0000067328966122,+0000.9992239081017916
+0000.0007582993501422,+0000.0000054273351860,+0000.9992362733146720
+0000.0007472578101079,+0000.0000042825674199,+0000.9992484596224724
+0000.0007362373360968,+0000.0000032953214114,+0000.9992604673424920
+0000.0007252408361105,+0000.0000024623244042,+0000.9992722968394855
+0000.0007142711710670,+0000.0000017803040284,+0000.9992839485249048
+0000.0007033311543454,+0000.0000012459895219,+0000.9992954228561328
+0000.0006924235513577,+0000.0000008561129319,+0000.9993067203357106
+0000.0006815510791470,+0000.0000006074102961,+0000.9993178415105570
+0000.0006707164060123,+0000.0000004966228047,+0000.9993287869711831
+0000.0006599221511587,+0000.0000005204979418,+0000.9993395573508996
+0000.0006491708843737,+0000.0000006757906067,+0000.9993501533250198
+0000.0006384651257290,+0000.0000009592642145,+0000.9993605756100566
+0000.0006278073453072,+0000.0000013676917769,+0000.9993708249629161
+0000.0006171999629534,+0000.0000018978569616,+0000.9993809021800852
+0000.0006066453480511,+0000.0000025465551314,+0000.9993908080968176
+0000.0005961458193231,+0000.0000033105943628,+0000.9994005435863141
+0000.0005857036446552,+0000.0000041867964430,+0000.9994101095589019
+0000.0005753210409442,+0000.0000051719978465,+0000.9994195069612094
+0000.0005650001739689,+0000.0000062630506908,+0000.9994287367753404
+0000.0005547431582845,+0000.0000074568236706,+0000.9994378000180451
+0000.0005445520571384,+0000.0000087502029715,+0000.9994466977398901
+0000.0005344288824099,+0000.0000101400931621,+0000.9994554310244280
+0000.0005243755945706,+0000.0000116234180651,+0000.9994640009873643
+0000.0005143941026667,+0000.0000131971216075,+0000.9994724087757259
+0000.0005044862643228,+0000.0000148581686498,+0000.9994806555670275
+0000.0004946538857663,+0000.0000166035457932,+0000.9994887425684406
+0000.0004848987218728,+0000.0000184302621667,+0000.9994966710159605
+0000.0004752224762308,+0000.0000203353501929,+0000.9995044421735764
+0000.0004656268012274,+0000.0000223158663318,+0000.9995120573324409
+0000.0004561132981524,+0000.0000243688918052,+0000.9995195178100426
+0000.0004466835173223,+0000.0000264915332986,+0000.9995268249493793
+0000.0004373389582227,+0000.0000286809236429,+0000.9995339801181344
+0000.0004280810696694,+0000.0000309342224758,+0000.9995409847078549
+0000.0004189112499867,+0000.0000332486168808,+0000.9995478401331325
+0000.0004098308472050,+0000.0000356213220071,+0000.9995545478307879
+0000.0004008411592736,+0000.0000380495816682,+0000.9995611092590582
+0000.0003919434342925,+0000.0000405306689195,+0000.9995675258967879
+0000.0003831388707592,+0000.0000430618866166,+0000.9995737992426240
+0000.0003744286178327,+0000.0000456405679521,+0000.9995799308142150
+0000.0003658137756129,+0000.0000482640769726,+0000.9995859221474144
+0000.0003572953954353,+0000.0000509298090760,+0000.9995917747954886
+0000.0003488744801815,+0000.0000536351914883,+0000.9995974903283301
+0000.0003405519846035,+0000.0000563776837203,+0000.9996030703316761
+0000.0003323288156631,+0000.0000591547780055,+0000.9996085164063313
+0000.0003242058328851,+0000.0000619639997173,+0000.9996138301673975
+0000.0003161838487238,+0000.0000648029077678,+0000.9996190132435083
+0000.0003082636289432,+0000.0000676690949862,+0000.9996240672760706
+0000.0003004458930099,+0000.0000705601884789,+0000.9996289939185111
+0000.0002927313144983,+0000.0000734738499707,+0000.9996337948355311
+0000.0002851205215083,+0000.0000764077761260,+0000.9996384717023656
+0000.0002776140970950,+0000.0000793596988529,+0000.9996430262040521
+0000.0002702125797088,+0000.0000823273855879,+0000.9996474600347033
+0000.0002629164636477,+0000.0000853086395624,+0000.9996517748967899
+0000.0002557261995199,+0000.0000883013000511,+0000.9996559725004289
+0000.0002486421947166,+0000.0000913032426032,+0000.9996600545626803
+0000.0002416648138946,+0000.0000943123792543,+0000.9996640228068511
+0000.0002347943794694,+0000.0000973266587225,+0000.9996678789618080
+0000.0002280311721166,+0000.0001003440665863,+0000.9996716247612970
+0000.0002213754312826,+0000.0001033626254451,+0000.9996752619432722
+0000.0002148273557042,+0000.0001063803950636,+0000.9996787922492322
+0000.0002083871039358,+0000.0001093954724985,+0000.9996822174235656
+0000.0002020547948852,+0000.0001124059922101,+0000.9996855392129046
+0000.0001958305083561,+0000.0001154101261560,+0000.9996887593654877
+0000.0001897142855987,+0000.0001184060838701,+0000.9996918796305312
+0000.0001837061298664,+0000.0001213921125247,+0000.9996949017576088
+0000.0001778060069796,+0000.0001243664969781,+0000.9996978274960422
+0000.0001720138458954,+0000.0001273275598058,+0000.9997006585942988
+0000.0001663295392830,+0000.0001302736613170,+0000.9997033967993999
+0000.0001607529441052,+0000.0001332031995568,+0000.9997060438563380
+0000.0001552838822047,+0000.0001361146102922,+0000.9997086015075032
+0000.0001499221408951,+0000.0001390063669852,+0000.9997110714921197
+0000.0001446674735572,+0000.0001418769807511,+0000.9997134555456917
+0000.0001395196002390,+0000.0001447250003024,+0000.9997157553994586
+0000.0001344782082596,+0000.0001475490118800,+0000.9997179727798604
+0000.0001295429528171,+0000.0001503476391699,+0000.9997201094080129
+0000.0001247134575999,+0000.0001531195432074,+0000.9997221669991926
+0000.0001199893154005,+0000.0001558634222681,+0000.9997241472623314
+0000.0001153700887327,+0000.0001585780117459,+0000.9997260518995214
+0000.0001108553104508,+0000.0001612620840190,+0000.9997278826055300
+0000.0001064444843713,+0000.0001639144483037,+0000.9997296410673249
+0000.0001021370858962,+0000.0001665339504955,+0000.9997313289636083
+0000.0000979325626381,+0000.0001691194729991,+0000.9997329479643627
+0000.0000938303350466,+0000.0001716699345472,+0000.9997344997304061
+0000.0000898297970358,+0000.0001741842900075,+0000.9997359859129565
+0000.0000859303166125,+0000.0001766615301787,+0000.9997374081532088
+0000.0000821312365046,+0000.0001791006815764,+0000.9997387680819190
+0000.0000784318747909,+0000.0001815008062080,+0000.9997400673190011
+0000.0000748315255293,+0000.0001838610013380,+0000.9997413074731327
+0000.0000713294593860,+0000.0001861803992424,+0000.9997424901413716
+0000.0000679249242639,+0000.0001884581669545,+0000.9997436169087817
+0000.0000646171459298,+0000.0001906935060004,+0000.9997446893480698
+0000.0000614053286412,+0000.0001928856521262,+0000.9997457090192327
+0000.0000582886557715,+0000.0001950338750153,+0000.9997466774692133
+0000.0000552662904342,+0000.0001971374779976,+0000.9997475962315683
+0000.0000523373761048,+0000.0001991957977506,+0000.9997484668261448
+0000.0000495010372411,+0000.0002012082039914,+0000.9997492907587677
+0000.0000467563799019,+0000.0002031740991616,+0000.9997500695209367
+0000.0000441024923625,+0000.0002050929181044,+0000.9997508045895334
+0000.0000415384457280,+0000.0002069641277340,+0000.9997514974265383
+0000.0000390632945441,+0000.0002087872266978,+0000.9997521494787585
+0000.0000366760774048,+0000.0002105617450322,+0000.9997527621775634
+0000.0000343758175568,+0000.0002122872438113,+0000.9997533369386322
+0000.0000321615235008,+0000.0002139633147893,+0000.9997538751617102
+0000.0000300321895889,+0000.0002155895800366,+0000.9997543782303748
+0000.0000279867966191,+0000.0002171656915700,+0000.9997548475118112
