+0001.0000000000000000,+0000.0000000000000000,+0000.0000000000000000,+0000.0000000000000000
+0000.9898396895393893,+0000.0001002003004005,+0000.0001002003004005,+0000.0099599098598098
+0000.9793878453920679,+0000.0003977608082588,+0000.0003977608082588,+0000.0198166329914144
+0000.9686537288988079,+0000.0008894869940833,+0000.0008894869940833,+0000.0295672971130256
+0000.9576467441977478,+0000.0015720662080949,+0000.0015720662080949,+0000.0392091233860625
+0000.9463764292500471,+0000.0024420714751265,+0000.0024420714751265,+0000.0487394277997000
+0000.9348524468484479,+0000.0034959653430367,+0000.0034959653430367,+0000.0581556224654786
+0000.9230845756160858,+0000.0047301037810353,+0000.0047301037810353,+0000.0674552168218437
+0000.9110827010028264,+0000.0061407401243112,+0000.0061407401243112,+0000.0766358187485513
+0000.8988568062863348,+0000.0077240290613558,+0000.0077240290613558,+0000.0856951355909537
+0000.8864169635850071,+0000.0094760306603732,+0000.0094760306603732,+0000.0946309750942466
+0000.8737733248898145,+0000.0113927144311764,+0000.0113927144311764,+0000.1034412462478327
+0000.8609361131220253,+0000.0134699634189743,+0000.0134699634189743,+0000.1121239600400261
+0000.8479156132236786,+0000.0157035783264651,+0000.0157035783264651,+0000.1206772301233912
+0000.8347221632875901,+0000.0180892816606660,+0000.0180892816606660,+0000.1290992733910780
+0000.8213661457335715,+0000.0206227219009226,+0000.0206227219009226,+0000.1373884104645833
+0000.8078579785374398,+0000.0232994776845634,+0000.0232994776845634,+0000.1455430660934336
+0000.7942081065192879,+0000.0261150620066811,+0000.0261150620066811,+0000.1535617694673500
+0000.7804269926973735,+0000.0290649264305520,+0000.0290649264305520,+0000.1614431544415225
+0000.7665251097138694,+0000.0321444653052256,+0000.0321444653052256,+0000.1691859596756795
+0000.7525129313385980,+0000.0353490199868489,+0000.0353490199868489,+0000.1767890286877042
+0000.7384009240567492,+0000.0386738830603210,+0000.0386738830603210,+0000.1842513098226089
+0000.7241995387464557,+0000.0421143025579034,+0000.0421143025579034,+0000.1915718561377375
+0000.7099192024519685,+0000.0456654861714539,+0000.0456654861714539,+0000.1987498252051238
+0000.6955703102580394,+0000.0493226054549841,+0000.0493226054549841,+0000.2057844788319924
+0000.6811632172709876,+0000.0530808000142852,+0000.0530808000142852,+0000.2126751827004420
+0000.6667082307117791,+0000.0569351816804071,+0000.0569351816804071,+0000.2194214059274066
+0000.6522156021263120,+0000.0608808386638231,+0000.0608808386638231,+0000.2260227205460417
+0000.6376955197179526,+0000.0649128396861563,+0000.0649128396861563,+0000.2324788009097348
+0000.6231581008072186,+0000.0690262380863962,+0000.0690262380863962,+0000.2387894230199890
+0000.6086133844233594,+0000.0732160758985828,+0000.0732160758985828,+0000.2449544637794750
+0000.5940713240324251,+0000.0774773878979883,+0000.0774773878979883,+0000.2509739001715981
+0000.5795417804062664,+0000.0818052056128838,+0000.0818052056128838,+0000.2568478083679658
+0000.5650345146367486,+0000.0861945612990301,+0000.0861945612990301,+0000.2625763627651911
+0000.5505591812993041,+0000.0906404918740955,+0000.0906404918740955,+0000.2681598349525047
+0000.5361253217697891,+0000.0951380428092596,+0000.0951380428092596,+0000.2735985926116913
+0000.5217423576984456,+0000.0996822719753242,+0000.0996822719753242,+0000.2788930983509058
+0000.5074195846446107,+0000.1042682534407161,+0000.1042682534407161,+0000.2840439084739569
+0000.4931661658756472,+0000.1088910812188313,+0000.1088910812188313,+0000.2890516716866900
+0000.4789911263334050,+0000.1135458729622349,+0000.1135458729622349,+0000.2939171277421250
+0000.4649033467713564,+0000.1182277736012983,+0000.1182277736012983,+0000.2986411060260467
+0000.4509115580653812,+0000.1229319589249252,+0000.1229319589249252,+0000.3032245240847682
+0000.4370243357010090,+0000.1276536391010844,+0000.1276536391010844,+0000.3076683860968221
+0000.4232500944397562,+0000.1323880621349427,+0000.1323880621349427,+0000.3119737812903582
+0000.4095970831670286,+0000.1371305172624584,+0000.1371305172624584,+0000.3161418823080543
+0000.3960733799238889,+0000.1418763382773712,+0000.1418763382773712,+0000.3201739435213686
+0000.3826868871248188,+0000.1466209067895980,+0000.1466209067895980,+0000.3240712992959850
+0000.3694453269634385,+0000.1513596554131177,+0000.1513596554131177,+0000.3278353622103258
+0000.3563562370079730,+0000.1560880708815042,+0000.1560880708815042,+0000.3314676212290184
+0000.3434269659880876,+0000.1608016970893420,+0000.1608016970893420,+0000.3349696398332283
+0000.3306646697745473,+0000.1654961380578369,+0000.1654961380578369,+0000.3383430541097788
+0000.3180763075529838,+0000.1701670608230104,+0000.1701670608230104,+0000.3415895708009953
+0000.3056686381928869,+0000.1748101982449446,+0000.1748101982449446,+0000.3447109653172238
+0000.2934482168127738,+0000.1794213517366220,+0000.1794213517366220,+0000.3477090797139821
+0000.2814213915423159,+0000.1839963939109862,+0000.1839963939109862,+0000.3505858206357116
+0000.2695943004820480,+0000.1885312711449226,+0000.1885312711449226,+0000.3533431572281069
+0000.2579728688611114,+0000.1930220060589443,+0000.1930220060589443,+0000.3559831190210000
+0000.2465628063933274,+0000.1974646999114427,+0000.1974646999114427,+0000.3585077937837873
+0000.2353696048317303,+0000.2018555349064438,+0000.2018555349064438,+0000.3609193253553822
+0000.2243985357215356,+0000.2061907764138906,+0000.2061907764138906,+0000.3632199114506832
+0000.2136546483513550,+0000.2104667751015520,+0000.2104667751015520,+0000.3654118014455410
+0000.2031427679023184,+0000.2146799689777366,+0000.2146799689777366,+0000.3674972941422085
+0000.1928674937946057,+0000.2188268853440703,+0000.2188268853440703,+0000.3694787355172538
+0000.1828331982307394,+0000.2229041426576768,+0000.2229041426576768,+0000.3713585164539072
+0000.1730440249348396,+0000.2269084523021754,+0000.2269084523021754,+0000.3731390704608099
+0000.1635038880868931,+0000.2308366202669930,+0000.2308366202669930,+0000.3748228713791211
+0000.1542164714509421,+0000.2346855487345637,+0000.2346855487345637,+0000.3764124310799306
+0000.1451852276959568,+0000.2384522375750663,+0000.2384522375750663,+0000.3779102971539108
+0000.1364133779080106,+0000.2421337857484278,+0000.2421337857484278,+0000.3793190505951338
+0000.1279039112922425,+0000.2457273926134005,+0000.2457273926134005,+0000.3806413034809568
+0000.1196595850629500,+0000.2492303591435896,+0000.2492303591435896,+0000.3818796966498710
+0000.1116829245200274,+0000.2526400890503926,+0000.2526400890503926,+0000.3830368973791876
+0000.1039762233098284,+0000.2559540898128778,+0000.2559540898128778,+0000.3841155970644161
+0000.0965415438684086,+0000.2591699736147094,+0000.2591699736147094,+0000.3851185089021726
+0000.0893807180449750,+0000.2622854581882969,+0000.2622854581882969,+0000.3860483655784313
+0000.0824953479032490,+0000.2652983675664186,+0000.2652983675664186,+0000.3869079169639140
+0000.0758868066983301,+0000.2682066327416425,+0000.2682066327416425,+0000.3876999278183849
+0000.0695562400265318,+0000.2710082922339360,+0000.2710082922339360,+0000.3884271755055963
+0000.0635045671455470,+0000.2737014925669250,+0000.2737014925669250,+0000.3890924477206031
+0000.0577324824621938,+0000.2762844886533343,+0000.2762844886533343,+0000.3896985402311377
+0000.0522404571848819,+0000.2787556440902046,+0000.2787556440902046,+0000.3902482546347091
+0000.0470287411378407,+0000.2811134313645497,+0000.2811134313645497,+0000.3907443961330600
+0000.0420973647340493,+0000.2833564319701823,+0000.2833564319701823,+0000.3911897713255863
+0000.0374461411037113,+0000.2854833364364983,+0000.2854833364364983,+0000.3915871860232923
+0000.0330746683750270,+0000.2874929442700755,+0000.2874929442700755,+0000.3919394430848221
+0000.0289823321039240,+0000.2893841638100004,+0000.2893841638100004,+0000.3922493402760753
+0000.0251683078493243,+0000.2911560119978971,+0000.2911560119978971,+0000.3925196681548818
+0000.0216315638904407,+0000.2928076140636928,+0000.2928076140636928,+0000.3927532079821740
+0000.0183708640825212,+0000.2943382031282085,+0000.2943382031282085,+0000.3929527296610620
+0000.0153847708473804,+0000.2957471197237212,+0000.2957471197237212,+0000.3931209897051775
+0000.0126716482949902,+0000.2970338112336956,+0000.2970338112336956,+0000.3932607292376189
+0000.0102296654723325,+0000.2981978312529389,+0000.2981978312529389,+0000.3933746720217900
+0000.0080567997356524,+0000.2992388388694806,+0000.2992388388694806,+0000.3934655225253867
+0000.0061508402421930,+0000.3001565978695295,+0000.3001565978695295,+0000.3935359640187484
+0000.0045093915574334,+0000.3009509758669093,+0000.3009509758669093,+0000.3935886567087485
+0000.0031298773738013,+0000.3016219433584179,+0000.3016219433584179,+0000.3936262359093634
+0000.0020095443367825,+0000.3021695727066034,+0000.3021695727066034,+0000.3936513102500112
+0000.0011454659743029,+0000.3025940370514892,+0000.3025940370514892,+0000.3936664599227192
+0000.0005345467252205,+0000.3028956091528253,+0000.3028956091528253,+0000.3936742349691295
+0000.0001735260627228,+0000.3030746601644809,+0000.3030746601644809,+0000.3936771536083158
+0000.0000589827083967,+0000.3031316583426317,+0000.3031316583426317,+0000.3936777006063404
+0000.0001873389327021,+0000.3030671676894309,+0000.3030671676894309,+0000.3936783256884364
+0000.0005548649375595,+0000.3028818465338906,+0000.3028818465338906,+0000.3936814419946597
+0000.0011576833167335,+0000.3025764460517278,+0000.3025764460517278,+0000.3936894245798113
+0000.0019917735896811,+0000.3021518087259666,+0000.3021518087259666,+0000.3937046089583860
+0000.0030529768045132,+0000.3016088667501126,+0000.3016088667501126,+0000.3937292896952621
+0000.0043370002057079,+0000.3009486403757454,+0000.3009486403757454,+0000.3937657190428019
+0000.0058394219622071,+0000.3001722362064023,+0000.3001722362064023,+0000.3938161056249887
+0000.0075556959515219,+0000.2992808454396472,+0000.2992808454396472,+0000.3938826131691842
+0000.0094811565954701,+0000.2982757420592437,+0000.2982757420592437,+0000.3939673592860430
+0000.0116110237431752,+0000.2971582809793716,+0000.2971582809793716,+0000.3940724142980821
+0000.0139404075969574,+0000.2959298961428452,+0000.2959298961428452,+0000.3941998001173527
+0000.0164643136767615,+0000.2945920985753065,+0000.2945920985753065,+0000.3943514891726259
+0000.0191776478187740,+0000.2931464743973865,+0000.2931464743973865,+0000.3945294033864535
+0000.0220752212039020,+0000.2915946827968366,+0000.2915946827968366,+0000.3947354132024253
+0000.0251517554118041,+0000.2899384539626481,+0000.2899384539626481,+0000.3949713366629002
+0000.0284018874961854,+0000.2881795869831847,+0000.2881795869831847,+0000.3952389385374456
+0000.0318201750770959,+0000.2863199477103642,+0000.2863199477103642,+0000.3955399295021761
+0000.0354011014459989,+0000.2843614665919303,+0000.2843614665919303,+0000.3958759653701409
+0000.0391390806794104,+0000.2823061364738620,+0000.2823061364738620,+0000.3962486463728661
+0000.0430284627569425,+0000.2801560103749705,+0000.2801560103749705,+0000.3966595164931170
+0000.0470635386796236,+0000.2779131992357364,+0000.2779131992357364,+0000.3971100628489043
+0000.0512385455844098,+0000.2755798696434378,+0000.2755798696434378,+0000.3976017151287152
+0000.0555476718508433,+0000.2731582415356224,+0000.2731582415356224,+0000.3981358450779124
+0000.0599850621958627,+0000.2706505858839686,+0000.2706505858839686,+0000.3987137660362006
+0000.0645448227528171,+0000.2680592223605799,+0000.2680592223605799,+0000.3993367325260236
+0000.0692210261307895,+0000.2653865169887487,+0000.2653865169887487,+0000.4000059398917136
+0000.0740077164503893,+0000.2626348797802178,+0000.2626348797802178,+0000.4007225239891755
+0000.0788989143522300,+0000.2598067623609586,+0000.2598067623609586,+0000.4014875609258532
+0000.0838886219743669,+0000.2569046555874748,+0000.2569046555874748,+0000.4023020668506841
+0000.0889708278950356,+0000.2539310871556257,+0000.2539310871556257,+0000.4031669977937135
+0000.0941395120370898,+0000.2508886192039536,+0000.2508886192039536,+0000.4040832495550035
+0000.0993886505306099,+0000.2477798459134781,+0000.2477798459134781,+0000.4050516576424343
+0000.1047122205302163,+0000.2446073911059108,+0000.2446073911059108,+0000.4060729972579626
+0000.1101042049836993,+0000.2413739058422177,+0000.2413739058422177,+0000.4071479833318659
+0000.1155585973486401,+0000.2380820660234457,+0000.2380820660234457,+0000.4082772706044691
+0000.1210694062537840,+0000.2347345699957001,+0000.2347345699957001,+0000.4094614537548164
+0000.1266306601019917,+0000.2313341361611455,+0000.2313341361611455,+0000.4107010675757179
+0000.1322364116116820,+0000.2278835005968726,+0000.2278835005968726,+0000.4119965871945734
+0000.1378807422937517,+0000.2243854146834548,+0000.2243854146834548,+0000.4133484283393392
+0000.1435577668610485,+0000.2208426427449862,+0000.2208426427449862,+0000.4147569476489796
+0000.1492616375675435,+0000.2172579597023725,+0000.2172579597023725,+0000.4162224430277121
+0000.1549865484744495,+0000.2136341487416110,+0000.2136341487416110,+0000.4177451540423289
+0000.1607267396406021,+0000.2099739989987738,+0000.2099739989987738,+0000.4193252623618506
+0000.1664765012345200,+0000.2062803032633704,+0000.2062803032633704,+0000.4209628922387397
+0000.1722301775656394,+0000.2025558557017421,+0000.2025558557017421,+0000.4226581110308767
+0000.1779821710323166,+0000.1988034496021016,+0000.1988034496021016,+0000.4244109297634807
+0000.1837269459842710,+0000.1950258751428026,+0000.1950258751428026,+0000.4262213037301242
+0000.1894590324972469,+0000.1912259171853869,+0000.1912259171853869,+0000.4280891331319798
+0000.1951730300577497,+0000.1874063530939230,+0000.1874063530939230,+0000.4300142637544047
+0000.2008636111558185,+0000.1835699505821131,+0000.1835699505821131,+0000.4319964876799557
+0000.2065255247838794,+0000.1797194655896098,+0000.1797194655896098,+0000.4340355440369015
+0000.2121535998398279,+0000.1758576401889439,+0000.1758576401889439,+0000.4361311197822847
+0000.2177427484325756,+0000.1719872005244302,+0000.1719872005244302,+0000.4382828505185645
+0000.2232879690883989,+0000.1681108547843727,+0000.1681108547843727,+0000.4404903213428562
+0000.2287843498565159,+0000.1642312912078601,+0000.1642312912078601,+0000.4427530677277645
+0000.2342270713124213,+0000.1603511761273907,+0000.1603511761273907,+0000.4450705764327978
+0000.2396114094575977,+0000.1564731520485372,+0000.1564731520485372,+0000.4474422864453284
+0000.2449327385143263,+0000.1525998357678078,+0000.1525998357678078,+0000.4498675899500587
+0000.2501865336144068,+0000.1487338165298296,+0000.1487338165298296,+0000.4523458333259345
+0000.2553683733807041,+0000.1448776542249285,+0000.1448776542249285,+0000.4548763181694396
+0000.2604739424005230,+0000.1410338776281430,+0000.1410338776281430,+0000.4574583023431916
+0000.2654990335899223,+0000.1372049826806621,+0000.1372049826806621,+0000.4600910010487541
+0000.2704395504481608,+0000.1333934308146369,+0000.1333934308146369,+0000.4627735879225660
+0000.2752915092015775,+0000.1296016473222674,+0000.1296016473222674,+0000.4655051961538882
+0000.2800510408362915,+0000.1258320197700276,+0000.1258320197700276,+0000.4682849196236540
+0000.2847143930192107,+0000.1220868964588401,+0000.1220868964588401,+0000.4711118140631099
+0000.2892779319069283,+0000.1183685849309734,+0000.1183685849309734,+0000.4739848982311256
+0000.2937381438421789,+0000.1146793505243865,+0000.1146793505243865,+0000.4769031551090490
+0000.2980916369376234,+0000.1110214149751990,+0000.1110214149751990,+0000.4798655331119794
+0000.3023351425468185,+0000.1073969550689260,+0000.1073969550689260,+0000.4828709473153303
+0000.3064655166223236,+0000.1038081013410630,+0000.1038081013410630,+0000.4859182806955513
+0000.3104797409609828,+0000.1002569368275686,+0000.1002569368275686,+0000.4890063853838808
+0000.3143749243365155,+0000.0967454958657432,+0000.0967454958657432,+0000.4921340839319989
+0000.3181483035196303,+0000.0932757629459582,+0000.0932757629459582,+0000.4953001705884542
+0000.3217972441859733,+0000.0898496716146438,+0000.0898496716146438,+0000.4985034125847399
+0000.3253192417122988,+0000.0864691034289020,+0000.0864691034289020,+0000.5017425514298982
+0000.3287119218613443,+0000.0831358869630604,+0000.0831358869630604,+0000.5050163042125358
+0000.3319730413559698,+0000.0798517968674458,+0000.0798517968674458,+0000.5083233649091395
+0000.3351004883432061,+0000.0766185529796041,+0000.0766185529796041,+0000.5116624056975867
+0000.3380922827489397,+0000.0734378194881553,+0000.0734378194881553,+0000.5150320782747506
+0000.3409465765240393,+0000.0703112041494244,+0000.0703112041494244,+0000.5184310151771128
+0000.3436616537828089,+0000.0672402575569483,+0000.0672402575569483,+0000.5218578311032954
+0000.3462359308347301,+0000.0642264724639124,+0000.0642264724639124,+0000.5253111242374457
+0000.3486679561105299,+0000.0612712831585332,+0000.0612712831585332,+0000.5287894775724045
+0000.3509564099836858,+0000.0583760648923526,+0000.0583760648923526,+0000.5322914602316098
+0000.3531001044885528,+0000.0555421333613774,+0000.0555421333613774,+0000.5358156287886929
+0000.3550979829363659,+0000.0527707442399478,+0000.0527707442399478,+0000.5393605285837391
+0000.3569491194304401,+0000.0500630927671826,+0000.0500630927671826,+0000.5429246950351952
+0000.3586527182819624,+0000.0474203133858061,+0000.0474203133858061,+0000.5465066549464260
+0000.3602081133278272,+0000.0448434794331239,+0000.0448434794331239,+0000.5501049278059257
+0000.3616147671520383,+0000.0423336028838729,+0000.0423336028838729,+0000.5537180270802167
+0000.3628722702122573,+0000.0398916341446342,+0000.0398916341446342,+0000.5573444614984749
+0000.3639803398731404,+0000.0375184618994591,+0000.0375184618994591,+0000.5609827363279420
+0000.3649388193481627,+0000.0352149130063203,+0000.0352149130063203,+0000.5646313546391974
+0000.3657476765516854,+0000.0329817524439643,+0000.0329817524439643,+0000.5682888185603867
+0000.3664070028630765,+0000.0308196833087062,+0000.0308196833087062,+0000.5719536305195118
+0000.3669170118047450,+0000.0287293468606693,+0000.0287293468606693,+0000.5756242944739171
+0000.3672780376360019,+0000.0267113226189420,+0000.0267113226189420,+0000.5792993171261147
+0000.3674905338647081,+0000.0247661285050868,+0000.0247661285050868,+0000.5829772091251191
+0000.3675550716787130,+0000.0228942210344062,+0000.0228942210344062,+0000.5866564862524752
+0000.3674723382991374,+0000.0210959955543357,+0000.0210959955543357,+0000.5903356705921918
+0000.3672431352575892,+0000.0193717865293049,+0000.0193717865293049,+0000.5940132916838017
+0000.3668683765994454,+0000.0177218678713754,+0000.0177218678713754,+0000.5976878876578043
+0000.3663490870153710,+0000.0161464533159362,+0000.0161464533159362,+0000.6013580063527573
+0000.3656863999032767,+0000.0146456968417065,+0000.0146456968417065,+0000.6050222064133108
+0000.3648815553629578,+0000.0132196931342713,+0000.0132196931342713,+0000.6086790583685001
+0000.3639358981256814,+0000.0118684780923433,+0000.0118684780923433,+0000.6123271456896324
+0000.3628508754210237,+0000.0105920293759234,+0000.0105920293759234,+0000.6159650658271301
+0000.3616280347832815,+0000.0093902669955039,+0000.0093902669955039,+0000.6195914312257113
+0000.3602690217998120,+0000.0082630539414354,+0000.0082630539414354,+0000.6232048703173176
+0000.3587755778036730,+0000.0072101968525553,+0000.0072101968525553,+0000.6268040284912169
+0000.3571495375129603,+0000.0062314467231515,+0000.0062314467231515,+0000.6303875690407370
+0000.3553928266192558,+0000.0053264996473181,+0000.0053264996473181,+0000.6339541740861083
+0000.3535074593276160,+0000.0044949975997329,+0000.0044949975997329,+0000.6375025454729186
+0000.3514955358505470,+0000.0037365292518740,+0000.0037365292518740,+0000.6410314056457055
+0000.3493592398584223,+0000.0030506308226685,+0000.0030506308226685,+0000.6445394984962409
+0000.3471008358888113,+0000.0024367869625538,+0000.0024367869625538,+0000.6480255901860814
+0000.3447226667171935,+0000.0018944316699100,+0000.0018944316699100,+0000.6514884699429868
+0000.3422271506915422,+0000.0014229492388131,+0000.0014229492388131,+0000.6549269508308319
+0000.3396167790332605,+0000.0010216752370379,+0000.0010216752370379,+0000.6583398704926640
+0000.3368941131069607,+0000.0006898975132303,+0000.0006898975132303,+0000.6617260918665792
+0000.3340617816615727,+0000.0004268572321534,+0000.0004268572321534,+0000.6650845038741209
+0000.3311224780452701,+0000.0002317499369037,+0000.0002317499369037,+0000.6684140220809228
+0000.3280789573966928,+0000.0001037266369787,+0000.0001037266369787,+0000.6717135893293501
+0000.3249340338149468,+0000.0000418949210712,+0000.0000418949210712,+0000.6749821763429111
+0000.3216905775108455,+0000.0000453200934567,+0000.0000453200934567,+0000.6782187823022414
+0000.3183515119418558,+0000.0001130263328306,+0000.0001130263328306,+0000.6814224353924833
+0000.3149198109331925,+0000.0002439978724480,+0000.0002439978724480,+0000.6845921933219116
+0000.3113984957874993,+0000.0004371802004117,+0000.0004371802004117,+0000.6877271438116774
+0000.3077906323855313,+0000.0006914812789495,+0000.0006914812789495,+0000.6908264050565698
+0000.3040993282802456,+0000.0010057727815203,+0000.0010057727815203,+0000.6938891261567139
+0000.3003277297866789,+0000.0013788913465817,+0000.0013788913465817,+0000.6969144875201577
+0000.2964790190699799,+0000.0018096398468555,+0000.0018096398468555,+0000.6999017012363092
+0000.2925564112339324,+0000.0022967886729217,+0000.0022967886729217,+0000.7028500114202243
+0000.2885631514122924,+0000.0028390770299751,+0000.0028390770299751,+0000.7057586945277573
+0000.2845025118652251,+0000.0034352142465790,+0000.0034352142465790,+0000.7086270596416168
+0000.2803777890831116,+0000.0040838810942509,+0000.0040838810942509,+0000.7114544487283866
+0000.2761923008999587,+0000.0047837311167206,+0000.0047837311167206,+0000.7142402368666000
+0000.2719493836186220,+0000.0055333919677035,+0000.0055333919677035,+0000.7169838324459710
+0000.2676523891500126,+0000.0063314667560362,+0000.0063314667560362,+0000.7196846773379149
+0000.2633046821684359,+0000.0071765353970285,+0000.0071765353970285,+0000.7223422470375069
+0000.2589096372851646,+0000.0080671559688914,+0000.0080671559688914,+0000.7249560507770524
+0000.2544706362423243,+0000.0090018660731078,+0000.0090018660731078,+0000.7275256316114600
+0000.2499910651291224,+0000.0099791841976220,+0000.0099791841976220,+0000.7300505664756335
+0000.2454743116224228,+0000.0109976110817318,+0000.0109976110817318,+0000.7325304662141136
+0000.2409237622536204,+0000.0120556310815768,+0000.0120556310815768,+0000.7349649755832258
+0000.2363427997037369,+0000.0131517135351286,+0000.0131517135351286,+0000.7373537732260058
+0000.2317348001286121,+0000.0142843141255970,+0000.0142843141255970,+0000.7396965716201936
+0000.2271031305160244,+0000.0154518762421827,+0000.0154518762421827,+0000.7419931169996099
+0000.2224511460765323,+0000.0166528323371138,+0000.0166528323371138,+0000.7442431892492398
+0000.2177821876697785,+0000.0178856052779242,+0000.0178856052779242,+0000.7464466017743729
+0000.2130995792679607,+0000.0191486096939385,+0000.0191486096939385,+0000.7486032013441621
+0000.2084066254581164,+0000.0204402533159507,+0000.0204402533159507,+0000.7507128679099820
+0000.2037066089848330,+0000.0217589383080918,+0000.0217589383080918,+0000.7527755143989833
+0000.1990027883349351,+0000.0231030625909044,+0000.0231030625909044,+0000.7547910864832560
+0000.1942983953656618,+0000.0244710211546545,+0000.0244710211546545,+0000.7567595623250291
+0000.1895966329777881,+0000.0258612073619309,+0000.0258612073619309,+0000.7586809522983499
+0000.1849006728351022,+0000.0272720142385992,+0000.0272720142385992,+0000.7605552986876993
+0000.1802136531315936,+0000.0287018357521957,+0000.0287018357521957,+0000.7623826753640149
+0000.1755386764076579,+0000.0301490680768685,+0000.0301490680768685,+0000.7641631874386051
+0000.1708788074165735,+0000.0316121108439871,+0000.0316121108439871,+0000.7658969708954522
+0000.1662370710424467,+0000.0330893683775696,+0000.0330893683775696,+0000.7675841922024140
+0000.1616164502707775,+0000.0345792509136894,+0000.0345792509136894,+0000.7692250479018437
+0000.1570198842127385,+0000.0360801758030501,+0000.0360801758030501,+0000.7708197641811613
+0000.1524502661842082,+0000.0375905686959359,+0000.0375905686959359,+0000.7723685964239199
+0000.1479104418405423,+0000.0391088647087689,+0000.0391088647087689,+0000.7738718287419198
+0000.1434032073680204,+0000.0406335095715237,+0000.0406335095715237,+0000.7753297734889323
+0000.1389313077328415,+0000.0421629607552765,+0000.0421629607552765,+0000.7767427707566056
+0000.1344974349884949,+0000.0436956885791856,+0000.0436956885791856,+0000.7781111878531339
+0000.1301042266422699,+0000.0452301772962263,+0000.0452301772962263,+0000.7794354187652774
+0000.1257542640816240,+0000.0467649261570239,+0000.0467649261570239,+0000.7807158836043282
+0000.1214500710610633,+0000.0482984504511556,+0000.0482984504511556,+0000.7819530280366255
+0000.1171941122501425,+0000.0498292825253142,+0000.0498292825253142,+0000.7831473226992290
+0000.1129887918431296,+0000.0513559727777525,+0000.0513559727777525,+0000.7842992626013655
+0000.1088364522308334,+0000.0528770906284497,+0000.0528770906284497,+0000.7854093665122671
+0000.1047393727350322,+0000.0543912254644701,+0000.0543912254644701,+0000.7864781763360276
+0000.1006997684058895,+0000.0558969875600034,+0000.0558969875600034,+0000.7875062564741037
+0000.0967197888826862,+0000.0573930089706090,+0000.0573930089706090,+0000.7884941931760957
+0000.0928015173181504,+0000.0588779444012044,+0000.0588779444012044,+0000.7894425938794407
+0000.0889469693666067,+0000.0603504720473676,+0000.0603504720473676,+0000.7903520865386578
+0000.0851580922361172,+0000.0618092944095494,+0000.0618092944095494,+0000.7912233189447838
+0000.0814367638047294,+0000.0632531390798140,+0000.0632531390798140,+0000.7920569580356424
+0000.0777847918009021,+0000.0646807595007553,+0000.0646807595007553,+0000.7928536891975869
+0000.0742039130481192,+0000.0660909356962594,+0000.0660909356962594,+0000.7936142155593617
+0000.0706957927736561,+0000.0674824749738109,+0000.0674824749738109,+0000.7943392572787217
+0000.0672620239814088,+0000.0688542125980680,+0000.0688542125980680,+0000.7950295508224547
+0000.0639041268886500,+0000.0702050124354518,+0000.0702050124354518,+0000.7956858482404460
+0000.0606235484265234,+0000.0715337675695265,+0000.0715337675695265,+0000.7963089164344231
+0000.0574216618040364,+0000.0728394008869711,+0000.0728394008869711,+0000.7968995364220209
+0000.0542997661352710,+0000.0741208656339655,+0000.0741208656339655,+0000.7974585025967975
+0000.0512590861294764,+0000.0753771459428439,+0000.0753771459428439,+0000.7979866219848353
+0000.0483007718436657,+0000.0766072573288905,+0000.0766072573288905,+0000.7984847134985529
+0000.0454258984972885,+0000.0778102471571790,+0000.0778102471571790,+0000.7989536071883530
+0000.0426354663485124,+0000.0789851950793816,+0000.0789851950793816,+0000.7993941434927239
+0000.0399304006315937,+0000.0801312134404977,+0000.0801312134404977,+0000.7998071724874103
+0000.0373115515547821,+0000.0812474476554781,+0000.0812474476554781,+0000.8001935531342611
+0000.0347796943581537,+0000.0823330765557440,+0000.0823330765557440,+0000.8005541525303578
+0000.0323355294307328,+0000.0833873127056232,+0000.0833873127056232,+0000.8008898451580202
+0000.0299796824862151,+0000.0844094026887523,+0000.0844094026887523,+0000.8012015121362798
+0000.0277127047965695,+0000.0853986273645137,+0000.0853986273645137,+0000.8014900404744025
+0000.0255350734827539,+0000.0863543020946029,+0000.0863543020946029,+0000.8017563223280397
+0000.0234471918617450,+0000.0872757769398419,+0000.0872757769398419,+0000.8020012542585706
+0000.0214493898490434,+0000.0881624368273780,+0000.0881624368273780,+0000.8022257364962000
+0000.0195419244157801,+0000.0890137016884297,+0000.0890137016884297,+0000.8024306722073599
+0000.0177249800995136,+0000.0898290265667641,+0000.0898290265667641,+0000.8026169667669576
+0000.0159986695677787,+0000.0906079016981083,+0000.0906079016981083,+0000.8027855270360041
+0000.0143630342334073,+0000.0913498525607241,+0000.0913498525607241,+0000.8029372606451438
+0000.0128180449206178,+0000.0920544398973900,+0000.0920544398973900,+0000.8030730752846015
+0000.0113636025808327,+0000.0927212597090595,+0000.0927212597090595,+0000.8031938780010476
+0000.0099995390571593,+0000.0933499432204822,+0000.0933499432204822,+0000.8033005745018755
+0000.0087256178964387,+0000.0939401568180943,+0000.0939401568180943,+0000.8033940684673719
+0000.0075415352077396,+0000.0944916019605044,+0000.0944916019605044,+0000.8034752608712508
+0000.0064469205661507,+0000.0950040150619189,+0000.0950040150619189,+0000.8035450493100108
+0000.0054413379606971,+0000.0954771673488692,+0000.0954771673488692,+0000.8036043273415637
+0000.0045242867851870,+0000.0959108646906217,+0000.0959108646906217,+0000.8036539838335689
+0000.0036952028707686,+0000.0963049474036664,+0000.0963049474036664,+0000.8036949023218979
+0000.0029534595589572,+0000.0966592900307005,+0000.0966592900307005,+0000.8037279603796411
+0000.0022983688138751,+0000.0969738010945348,+0000.0969738010945348,+0000.8037540289970545
+0000.0017291823724237,+0000.0972484228273714,+0000.0972484228273714,+0000.8037739719728328
+0000.0012450929310939,+0000.0974831308759111,+0000.0974831308759111,+0000.8037886453170833
+0000.0008452353681013,+0000.0976779339827700,+0000.0976779339827700,+0000.8037988966663581
+0000.0005286879995199,+0000.0978328736446919,+0000.0978328736446919,+0000.8038055647110955
+0000.0002944738680731,+0000.0979480237480626,+0000.0979480237480626,+0000.8038094786358010
+0000.0001415620632276,+0000.0980234901822416,+0000.0980234901822416,+0000.8038114575722886
+0000.0000688690712261,+0000.0980594104312414,+0000.0980594104312414,+0000.8038123100662904
+0000.0000752601536817,+0000.0980559531442955,+0000.0980559531442955,+0000.8038128335577267
+0000.0001595507533510,+0000.0980133176858670,+0000.0980133176858670,+0000.8038138138749144
+0000.0003205079256926,+0000.0979317336656634,+0000.0979317336656634,+0000.8038160247429799
+0000.0005568517948113,+0000.0978114604492297,+0000.0978114604492297,+0000.8038202273067288
+0000.0008672570323842,+0000.0976527866497048,+0000.0976527866497048,+0000.8038271696682057
+0000.0012503543581599,+0000.0974560296013337,+0000.0974560296013337,+0000.8038375864391721
+0000.0017047320606170,+0000.0972215348153377,+0000.0972215348153377,+0000.8038521983087071
+0000.0022289375363691,+0000.0969496754187513,+0000.0969496754187513,+0000.8038717116261278
+0000.0028214788469016,+0000.0966408515768442,+0000.0966408515768442,+0000.8038968179994095
+0000.0034808262912228,+0000.0962954898997523,+0000.0962954898997523,+0000.8039281939092721
+0000.0042054139930203,+0000.0959140428339474,+0000.0959140428339474,+0000.8039665003390845
+0000.0049936415009070,+0000.0954969880391833,+0000.0954969880391833,+0000.8040123824207258
+0000.0058438754003532,+0000.0950448277515595,+0000.0950448277515595,+0000.8040664690965273
+0000.0067544509359001,+0000.0945580881333476,+0000.0945580881333476,+0000.8041293727974042
+0000.0077236736422587,+0000.0940373186102336,+0000.0940373186102336,+0000.8042016891372736
+0000.0087498209829042,+0000.0934830911966264,+0000.0934830911966264,+0000.8042839966238424
+0000.0098311439947831,+0000.0928959998096934,+0000.0928959998096934,+0000.8043768563858295
+0000.0109658689377603,+0000.0922766595727798,+0000.0922766595727798,+0000.8044808119166794
+0000.0121521989474439,+0000.0916257061088736,+0000.0916257061088736,+0000.8045963888348083
+0000.0133883156900324,+0000.0909437948247800,+0000.0909437948247800,+0000.8047240946604068
+0000.0146723810178476,+0000.0902316001866684,+0000.0902316001866684,+0000.8048644186088150
+0000.0160025386242215,+0000.0894898149876538,+0000.0894898149876538,+0000.8050178314004701
+0000.0173769156964270,+0000.0887191496080798,+0000.0887191496080798,+0000.8051847850874126
+0000.0187936245653498,+0000.0879203312691623,+0000.0879203312691623,+0000.8053657128963250
+0000.0202507643506202,+0000.0870941032806575,+0000.0870941032806575,+0000.8055610290880642
+0000.0217464225999352,+0000.0862412242832137,+0000.0862412242832137,+0000.8057711288336367
+0000.0232786769213231,+0000.0853624674860630,+0000.0853624674860630,+0000.8059963881065503
+0000.0248455966071167,+0000.0844586199007082,+0000.0844586199007082,+0000.8062371635914664
+0000.0264452442484231,+0000.0835304815712561,+0000.0835304815712561,+0000.8064937926090641
+0000.0280756773388955,+0000.0825788648020446,+0000.0825788648020446,+0000.8067665930570149
+0000.0297349498666354,+0000.0816045933832051,+0000.0816045933832051,+0000.8070558633669540
+0000.0314211138930725,+0000.0806085018148013,+0000.0806085018148013,+0000.8073618824773244
+0000.0331322211176921,+0000.0795914345301746,+0000.0795914345301746,+0000.8076849098219581
+0000.0348663244275026,+0000.0785542451191255,+0000.0785542451191255,+0000.8080251853342459
+0000.0366214794301595,+0000.0774977955515503,+0000.0774977955515503,+0000.8083829294667393
+0000.0383957459696853,+0000.0764229554021504,+0000.0764229554021504,+0000.8087583432260133
+0000.0401871896237481,+0000.0753306010768192,+0000.0753306010768192,+0000.8091516082226129
+0000.0419938831814895,+0000.0742216150413089,+0000.0742216150413089,+0000.8095628867358921
+0000.0438139081009163,+0000.0730968850527686,+0000.0730968850527686,+0000.8099923217935459
+0000.0456453559448957,+0000.0719573033947385,+0000.0719573033947385,+0000.8104400372656267
+0000.0474863297948228,+0000.0708037661161755,+0000.0708037661161755,+0000.8109061379728256
+0000.0493349456410530,+0000.0696371722750786,+0000.0696371722750786,+0000.8113907098087894
+0000.0511893337492241,+0000.0684584231872683,+0000.0684584231872683,+0000.8118938198762389
+0000.0530476400016161,+0000.0672684216808715,+0000.0672684216808715,+0000.8124155166366404
+0000.0549080272127268,+0000.0660680713570478,+0000.0660680713570478,+0000.8129558300731773
+0000.0567686764182727,+0000.0648582758574835,+0000.0648582758574835,+0000.8135147718667598
+0000.0586277881368494,+0000.0636399381391738,+0000.0636399381391738,+0000.8140923355848027
+0000.0604835836035179,+0000.0624139597569944,+0000.0624139597569944,+0000.8146884968824929
+0000.0623343059746119,+0000.0611812401545616,+0000.0611812401545616,+0000.8153032137162644
+0000.0641782215030930,+0000.0599426759638602,+0000.0599426759638602,+0000.8159364265691861
+0000.0660136206838069,+0000.0586991603141128,+0000.0586991603141128,+0000.8165880586879669
+0000.0678388193680293,+0000.0574515821503488,+0000.0574515821503488,+0000.8172580163312725
+0000.0696521598467158,+0000.0562008255621204,+0000.0562008255621204,+0000.8179461890290428
+0000.0714520119019051,+0000.0549477691227991,+0000.0549477691227991,+0000.8186524498524961
+0000.0732367738257533,+0000.0536932852398750,+0000.0536932852398750,+0000.8193766556944960
+0000.0750048734067080,+0000.0524382395166676,+0000.0524382395166676,+0000.8201186475599561
+0000.0767547688823631,+0000.0511834901258430,+0000.0511834901258430,+0000.8208782508659505
+0000.0784849498585671,+0000.0499298871951190,+0000.0499298871951190,+0000.8216552757511943
+0000.0801939381943861,+0000.0486782722055288,+0000.0486782722055288,+0000.8224495173945559
+0000.0818802888525559,+0000.0474294774025951,+0000.0474294774025951,+0000.8232607563422534
+0000.0835425907150891,+0000.0461843252207586,+0000.0461843252207586,+0000.8240887588433932
+0000.0851794673637335,+0000.0449436277213851,+0000.0449436277213851,+0000.8249332771934957
+0000.0867895778250081,+0000.0437081860446666,+0000.0437081860446666,+0000.8257940500856581
+0000.0883716172795767,+0000.0424787898757134,+0000.0424787898757134,+0000.8266708029689960
+0000.0899243177357467,+0000.0412562169251226,+0000.0412562169251226,+0000.8275632484140075
+0000.0914464486669149,+0000.0400412324242926,+0000.0400412324242926,+0000.8284710864844994
+0000.0929368176128090,+0000.0388345886357391,+0000.0388345886357391,+0000.8293940051157123
+0000.0943942707444070,+0000.0376370243786545,+0000.0376370243786545,+0000.8303316804982834
+0000.0958176933924450,+0000.0364492645699360,+0000.0364492645699360,+0000.8312837774676824
+0000.0972060105394544,+0000.0352720197808952,+0000.0352720197808952,+0000.8322499498987546
+0000.0985581872752999,+0000.0341059858098463,+0000.0341059858098463,+0000.8332298411050068
+0000.0998732292162169,+0000.0329518432707555,+0000.0329518432707555,+0000.8342230842422714
+0000.1011501828873790,+0000.0318102571981196,+0000.0318102571981196,+0000.8352293027163812
+0000.1023881360690529,+0000.0306818766682271,+0000.0306818766682271,+0000.8362481105944921
+0000.1035862181064275,+0000.0295673344369416,+0000.0295673344369416,+0000.8372791130196887
+0000.1047436001832311,+0000.0284672465941294,+0000.0284672465941294,+0000.8383219066285095
+0000.1058594955592801,+0000.0273822122348445,+0000.0273822122348445,+0000.8393760799710301
+0000.1069331597721285,+0000.0263128131473629,+0000.0263128131473629,+0000.8404412139331449
+0000.1079638908030139,+0000.0252596135181493,+0000.0252596135181493,+0000.8415168821606869
+0000.1089510292073249,+0000.0242231596538214,+0000.0242231596538214,+0000.8426026514850317
+0000.1098939582098379,+0000.0232039797201660,+0000.0232039797201660,+0000.8436980823498293
+0000.1107921037649988,+0000.0222025834982425,+0000.0222025834982425,+0000.8448027292385155
+0000.1116449345825490,+0000.0212194621576003,+0000.0212194621576003,+0000.8459161411022498
+0000.1124519621188211,+0000.0202550880466193,+0000.0202550880466193,+0000.8470378617879396
+0000.1132127405340526,+0000.0193099144999707,+0000.0193099144999707,+0000.8481674304660053
+0000.1139268666160910,+0000.0183843756631798,+0000.0183843756631798,+0000.8493043820575488
+0000.1145939796708840,+0000.0174788863342619,+0000.0174788863342619,+0000.8504482476605913
+0000.1152137613801753,+0000.0165938418223868,+0000.0165938418223868,+0000.8515985549750502
+0000.1157859356268441,+0000.0157296178235139,+0000.0157296178235139,+0000.8527548287261273
+0000.1163102682883512,+0000.0148865703129294,+0000.0148865703129294,+0000.8539165910857892
+0000.1167865669987732,+0000.0140650354546026,+0000.0140650354546026,+0000.8550833620920207
+0000.1172146808799285,+0000.0132653295272650,+0000.0132653295272650,+0000.8562546600655407
+0000.1175945002421162,+0000.0124877488671049,+0000.0124877488671049,+0000.8574300020236733
+0000.1179259562550098,+0000.0117325698269588,+0000.0117325698269588,+0000.8586089040910717
+0000.1182090205892662,+0000.0110000487518656,+0000.0110000487518656,+0000.8597908819070017
+0000.1184437050294257,+0000.0102904219708417,+0000.0102904219708417,+0000.8609754510288901
+0000.1186300610586997,+0000.0096039058047208,+0000.0096039058047208,+0000.8621621273318579
+0000.1187681794162562,+0000.0089406965898927,+0000.0089406965898927,+0000.8633504274039576
+0000.1188581896276300,+0000.0083009707177634,+0000.0083009707177634,+0000.8645398689368423
+0000.1189002595089009,+0000.0076848846897483,+0000.0076848846897483,+0000.8657299711116015
+0000.1188945946452951,+0000.0070925751875995,+0000.0070925751875995,+0000.8669202549795049
+0000.1188414378448818,+0000.0065241591588590,+0000.0065241591588590,+0000.8681102438373992
+0000.1187410685680487,+0000.0059797339172177,+0000.0059797339172177,+0000.8692994635975149
+0000.1185938023334510,+0000.0054593772575532,+0000.0054593772575532,+0000.8704874431514416
+0000.1183999901011451,+0000.0049631475854061,+0000.0049631475854061,+0000.8716737147280416
+0000.1181600176336233,+0000.0044910840606499,+0000.0044910840606499,+0000.8728578142450758
+0000.1178743048354809,+0000.0040432067550964,+0000.0040432067550964,+0000.8740392816543250
+0000.1175433050724554,+0000.0036195168237738,+0000.0036195168237738,+0000.8752176612799957
+0000.1171675044705849,+0000.0032199966896023,+0000.0032199966896023,+0000.8763925021502093
+0000.1167474211962450,+0000.0028446102411886,+0000.0028446102411886,+0000.8775633583213764
+0000.1162836047178266,+0000.0024933030434496,+0000.0024933030434496,+0000.8787297891952729
+0000.1157766350498281,+0000.0021660025607690,+0000.0021660025607690,+0000.8798913598286326
+0000.1152271219801392,+0000.0018626183923847,+0000.0018626183923847,+0000.8810476412350901
+0000.1146357042813006,+0000.0015830425196971,+0000.0015830425196971,+0000.8821982106793039
+0000.1140030489065274,+0000.0013271495651813,+0000.0013271495651813,+0000.8833426519631087
+0000.1133298501712912,+0000.0010947970625825,+0000.0010947970625825,+0000.8844805557035424
+0000.1126168289212549,+0000.0008858257380649,+0000.0008858257380649,+0000.8856115196026142
+0000.1118647316873616,+0000.0007000598019818,+0000.0007000598019818,+0000.8867351487086736
+0000.1110743298288800,+0000.0005373072509279,+0000.0005373072509279,+0000.8878510556692630
+0000.1102464186652074,+0000.0003973601797302,+0000.0003973601797302,+0000.8889588609753309
+0000.1093818165972372,+0000.0002799951030295,+0000.0002799951030295,+0000.8900581931967025
+0000.1084813642190946,+0000.0001849732861002,+0000.0001849732861002,+0000.8911486892087039
+0000.1075459234210444,+0000.0001120410845531,+0000.0001120410845531,+0000.8922299944098483
+0000.1065763764843765,+0000.0000609302925609,+0000.0000609302925609,+0000.8933017629305007
+0000.1055736251690676,+0000.0000313584992434,+0000.0000313584992434,+0000.8943636578324445
+0000.1045385897950224,+0000.0000230294528479,+0000.0000230294528479,+0000.8954153512992808
+0000.1034722083176882,+0000.0000356334323552,+0000.0000356334323552,+0000.8964565248176004
+0000.1023754353988379,+0000.0000688476261414,+0000.0000688476261414,+0000.8974868693488781
+0000.1012492414733102,+0000.0001223365173234,+0000.0001223365173234,+0000.8985060854920418
+0000.1000946118124912,+0000.0001957522754129,+0000.0001957522754129,+0000.8995138836366819
+0000.0989125455853184,+0000.0002887351539043,+0000.0002887351539043,+0000.9005099841068719
+0000.0977040549175780,+0000.0004009138934210,+0000.0004009138934210,+0000.9014941172955789
+0000.0964701639502660,+0000.0005319061300405,+0000.0005319061300405,+0000.9024660237896519
+0000.0952119078977711,+0000.0006813188084239,+0000.0006813188084239,+0000.9034254544853799
+0000.0939303321066336,+0000.0008487485993701,+0000.0008487485993701,+0000.9043721706946249
+0000.0926264911156246,+0000.0010337823214184,+0000.0010337823214184,+0000.9053059442415373
+0000.0913014477178831,+0000.0012359973661227,+0000.0012359973661227,+0000.9062265575498704
+0000.0899562720258366,+0000.0014549621266209,+0000.0014549621266209,+0000.9071338037209203
+0000.0885920405396265,+0000.0016902364291257,+0000.0016902364291257,+0000.9080274866021208
+0000.0872098352197419,+0000.0019413719669624,+0000.0019413719669624,+0000.9089074208463320
+0000.0858107425645648,+0000.0022079127367822,+0000.0022079127367822,+0000.9097734319618697
+0000.0843958526935085,+0000.0024893954765820,+0000.0024893954765820,+0000.9106253563533264
+0000.0829662584364293,+0000.0027853501051622,+0000.0027853501051622,+0000.9114630413532452
+0000.0815230544299709,+0000.0030953001626587,+0000.0030953001626587,+0000.9122863452447108
+0000.0800673362214973,+0000.0034187632517849,+0000.0034187632517849,+0000.9130951372749319
+0000.0786001993812504,+0000.0037552514794278,+0000.0037552514794278,+0000.9138892976598931
+0000.0771227386233598,+0000.0041042718982382,+0000.0041042718982382,+0000.9146687175801629
+0000.0756360469363175,+0000.0044653269478671,+0000.0044653269478671,+0000.9154332991679475
+0000.0741412147235162,+0000.0048379148954958,+0000.0048379148954958,+0000.9161829554854911
+0000.0726393289544381,+0000.0052215302753185,+0000.0052215302753185,+0000.9169176104949239
+0000.0711314723270623,+0000.0056156643266344,+0000.0056156643266344,+0000.9176371990196681
+0000.0696187224420499,+0000.0060198054302157,+0000.0060198054302157,+0000.9183416666975177
+0000.0681021509892466,+0000.0064334395426202,+0000.0064334395426202,+0000.9190309699255120
+0000.0665828229470291,+0000.0068560506281205,+0000.0068560506281205,+0000.9197050757967288
+0000.0650617957950063,+0000.0072871210879321,+0000.0072871210879321,+0000.9203639620291284
+0000.0635401187405700,+0000.0077261321864217,+0000.0077261321864217,+0000.9210076168865856
+0000.0620188319597735,+0000.0081725644739882,+0000.0081725644739882,+0000.9216360390922490
+0000.0604989658530022,+0000.0086258982063108,+0000.0086258982063108,+0000.9222492377343752
+0000.0589815403158812,+0000.0090856137596656,+0000.0090856137596656,+0000.9228472321647866
+0000.0574675640258491,+0000.0095511920420203,+0000.0095511920420203,+0000.9234300518901093
+0000.0559580337448139,+0000.0100221148996185,+0000.0100221148996185,+0000.9239977364559482
+0000.0544539336382826,+0000.0104978655187766,+0000.0104978655187766,+0000.9245503353241633
+0000.0529562346113477,+0000.0109779288226186,+0000.0109779288226186,+0000.9250879077434142
+0000.0514658936618885,+0000.0114617918624837,+0000.0114617918624837,+0000.9256105226131430
+0000.0499838532513350,+0000.0119489442037472,+0000.0119489442037472,+0000.9261182583411697
+0000.0485110406933180,+0000.0124388783058019,+0000.0124388783058019,+0000.9266112026950774
+0000.0470483675605179,+0000.0129310898959564,+0000.0129310898959564,+0000.9270894526475684
+0000.0455967291100009,+0000.0134250783370115,+0000.0134250783370115,+0000.9275531142159752
+0000.0441570037273195,+0000.0139203469882842,+0000.0139203469882842,+0000.9280023022961111
+0000.0427300523896320,+0000.0144164035598574,+0000.0144164035598574,+0000.9284371404906523
+0000.0413167181480796,+0000.0149127604598398,+0000.0149127604598398,+0000.9288577609322398
+0000.0399178256296435,+0000.0154089351344283,+0000.0154089351344283,+0000.9292643041014990
+0000.0385341805586839,+0000.0159044504005733,+0000.0159044504005733,+0000.9296569186401686
+0000.0371665692983463,+0000.0163988347710558,+0000.0163988347710558,+0000.9300357611595411
+0000.0358157584120043,+0000.0168916227717917,+0000.0168916227717917,+0000.9304009960444113
+0000.0344824942448872,+0000.0173823552511879,+0000.0173823552511879,+0000.9307527952527361
+0000.0331675025260260,+0000.0178705796813829,+0000.0178705796813829,+0000.9310913381112073
+0000.0318714879906335,+0000.0183558504512116,+0000.0183558504512116,+0000.9314168111069423
+0000.0305951340230134,+0000.0188377291507440,+0000.0188377291507440,+0000.9317294076754976
+0000.0293391023200821,+0000.0193157848472537,+0000.0193157848472537,+0000.9320293279854095
+0000.0281040325755634,+0000.0197895943524822,+0000.0197895943524822,+0000.9323167787194713
+0000.0268905421849032,+0000.0202587424810717,+0000.0202587424810717,+0000.9325919728529524
+0000.0256992259709331,+0000.0207228223000493,+0000.0207228223000493,+0000.9328551294289672
+0000.0245306559302941,+0000.0211814353692514,+0000.0211814353692514,+0000.9331064733312022
+0000.0233853810006165,+0000.0216341919725874,+0000.0216341919725874,+0000.9333462350542078
+0000.0222639268484354,+0000.0220807113400496,+0000.0220807113400496,+0000.9335746504714645
+0000.0211667956778018,+0000.0225206218603840,+0000.0225206218603840,+0000.9337919606014293
+0000.0200944660595391,+0000.0229535612843451,+0000.0229535612843451,+0000.9339984113717698
+0000.0190473927810725,+0000.0233791769184674,+0000.0233791769184674,+0000.9341942533819917
+0000.0180260067167476,+0000.0237971258092920,+0000.0237971258092920,+0000.9343797416646674
+0000.0170307147185374,+0000.0242070749179974,+0000.0242070749179974,+0000.9345551354454670
+0000.0160618995270203,+0000.0246087012853904,+0000.0246087012853904,+0000.9347206979021980
+0000.0151199197025000,+0000.0250016921872218,+0000.0250016921872218,+0000.9348766959230553
+0000.0142051095761199,+0000.0253857452797989,+0000.0253857452797989,+0000.9350233998642812
+0000.0133177792208121,+0000.0257605687358751,+0000.0257605687358751,+0000.9351610833074365
+0000.0124582144419074,+0000.0261258813708061,+0000.0261258813708061,+0000.9352900228164792
+0000.0116266767872157,+0000.0264814127589678,+0000.0264814127589678,+0000.9354104976948475
+0000.0108234035763775,+0000.0268269033404405,+0000.0268269033404405,+0000.9355227897427403
+0000.0100486079492680,+0000.0271621045179716,+0000.0271621045179716,+0000.9356271830147876
+0000.0093024789332279,+0000.0274867787442352,+0000.0274867787442352,+0000.9357239635783005
+0000.0085851815288774,+0000.0278006995994174,+0000.0278006995994174,+0000.9358134192722867
+0000.0078968568142616,+0000.0281036518591591,+0000.0281036518591591,+0000.9358958394674189
+0000.0072376220670595,+0000.0283954315529015,+0000.0283954315529015,+0000.9359715148271364
+0000.0066075709045816,+0000.0286758460126797,+0000.0286758460126797,+0000.9360407370700579
+0000.0060067734412637,+0000.0289447139124241,+0000.0289447139124241,+0000.9361037987338868
+0000.0054352764633604,+0000.0292018652978301,+0000.0292018652978301,+0000.9361609929409782
+0000.0048931036205248,+0000.0294471416068670,+0000.0294471416068670,+0000.9362126131657398
+0000.0043802556339546,+0000.0296803956810046,+0000.0296803956810046,+0000.9362589530040348
+0000.0038967105207732,+0000.0299014917672374,+0000.0299014917672374,+0000.9363003059447507
+0000.0034424238343039,+0000.0301103055110008,+0000.0301103055110008,+0000.9363369651436931
+0000.0030173289198897,+0000.0303067239400717,+0000.0303067239400717,+0000.9363692231999654
+0000.0026213371858957,+0000.0304906454395593,+0000.0304906454395593,+0000.9363973719349842
+0000.0022543383895306,+0000.0306619797180921,+0000.0306619797180921,+0000.9364217021742839
+0000.0019162009371083,+0000.0308206477653177,+0000.0308206477653177,+0000.9364425035322550
+0000.0016067721983690,+0000.0309665818008352,+0000.0309665818008352,+0000.9364600641999594
+0000.0013258788344656,+0000.0310997252146859,+0000.0310997252146859,+0000.9364746707361613
+0000.0010733271392209,+0000.0312200324995343,+0000.0312200324995343,+0000.9364866078617091
+0000.0008489033932483,+0000.0313274691746761,+0000.0313274691746761,+0000.9364961582573982
+0000.0006523742305268,+0000.0314220117020148,+0000.0314220117020148,+0000.9365036023654422
+0000.0004834870170136,+0000.0315036473941551,+0000.0315036473941551,+0000.9365092181946748
+0000.0003419702408712,+0000.0315723743147634,+0000.0315723743147634,+0000.9365132811296006
+0000.0002275339138830,+0000.0316282011713530,+0000.0316282011713530,+0000.9365160637434096
+0000.0001398699836254,+0000.0316711472006547,+0000.0316711472006547,+0000.9365178356150636
+0000.0000786527559597,+0000.0317012420467377,+0000.0317012420467377,+0000.9365188631505634
+0000.0000435393274044,+0000.0317185256320505,+0000.0317185256320505,+0000.9365194094084932
+0000.0000341700269445,+0000.0317230480215555,+0000.0317230480215555,+0000.9365197339299429
+0000.0000501688668312,+0000.0317148692801341,+0000.0317148692801341,+0000.9365200925728990
+0000.0000911440019221,+0000.0316940593234426,+0000.0316940593234426,+0000.9365207373511912
+0000.0001566881971109,+0000.0316606977624042,+0000.0316606977624042,+0000.9365219162780792
+0000.0002463793023935,+0000.0316148737415238,+0000.0316148737415238,+0000.9365238732145574
+0000.0003597807351139,+0000.0315566857712161,+0000.0315566857712161,+0000.9365268477224525
+0000.0004964419689350,+0000.0314862415543404,+0000.0314862415543404,+0000.9365310749223826
+0000.0006558990290763,+0000.0314036578071388,+0000.0314036578071388,+0000.9365367853566444
+0000.0008376749933614,+0000.0313090600747750,+0000.0313090600747750,+0000.9365442048570870
+0000.0010412804986168,+0000.0312025825416762,+0000.0312025825416762,+0000.9365535544180295
+0000.0012662142519660,+0000.0310843678368798,+0000.0310843678368798,+0000.9365650500742729
+0000.0015119635465610,+0000.0309545668345914,+0000.0309545668345914,+0000.9365789027842548
+0000.0017780047812958,+0000.0308133384501586,+0000.0308133384501586,+0000.9365953183183856
+0000.0020638039840475,+0000.0306608494316719,+0000.0306608494316719,+0000.9366144971526073
+0000.0023688173379929,+0000.0304972741473999,+0000.0304972741473999,+0000.9366366343672061
+0000.0026924917105491,+0000.0303227943692710,+0000.0303227943692710,+0000.9366619195509075
+0000.0030342651844910,+0000.0301375990526147,+0000.0301375990526147,+0000.9366905367102784
+0000.0033935675907985,+0000.0299418841123726,+0000.0299418841123726,+0000.9367226641844548
+0000.0037698210427939,+0000.0297358521959961,+0000.0297358521959961,+0000.9367584745652124
+0000.0041624404711267,+0000.0295197124532423,+0000.0295197124532423,+0000.9367981346223873
+0000.0045708341591741,+0000.0292936803030842,+0000.0292936803030842,+0000.9368418052346562
+0000.0049944042784238,+0000.0290579771979489,+0000.0290579771979489,+0000.9368896413256771
+0000.0054325474234117,+0000.0288128303854997,+0000.0288128303854997,+0000.9369417918055876
+0000.0058846551457947,+0000.0285584726681747,+0000.0285584726681747,+0000.9369983995178545
+0000.0063501144871375,+0000.0282951421606983,+0000.0282951421606983,+0000.9370596011914646
+0000.0068283085100048,+0000.0280230820457765,+0000.0280230820457765,+0000.9371255273984408
+0000.0073186168269487,+0000.0277425403281922,+0000.0277425403281922,+0000.9371963025166655
+0000.0078204161269926,+0000.0274537695875096,+0000.0274537695875096,+0000.9372720446979868
+0000.0083330806992153,+0000.0271570267296007,+0000.0271570267296007,+0000.9373528658415818
+0000.0088559829530471,+0000.0268525727372028,+0000.0268525727372028,+0000.9374388715725459
+0000.0093884939348944,+0000.0265406724197162,+0000.0265406724197162,+0000.9375301612256718
+0000.0099299838407187,+0000.0262215941624492,+0000.0262215941624492,+0000.9376268278343814
+0000.0104798225242000,+0000.0258956096755155,+0000.0258956096755155,+0000.9377289581247675
+0000.0110373800001242,+0000.0255629937425878,+0000.0255629937425878,+0000.9378366325146988
+0000.0116020269426397,+0000.0252240239697100,+0000.0252240239697100,+0000.9379499251179390
+0000.0121731351780366,+0000.0248789805343675,+0000.0248789805343675,+0000.9380689037532270
+0000.0127500781717112,+0000.0245281459350125,+0000.0245281459350125,+0000.9381936299582625
+0000.0133322315089836,+0000.0241718047412405,+0000.0241718047412405,+0000.9383241590085343
+0000.0139189733694466,+0000.0238102433448104,+0000.0238102433448104,+0000.9384605399409314
+0000.0145096849945329,+0000.0234437497116983,+0000.0234437497116983,+0000.9386028155820694
+0000.0151037511479929,+0000.0230726131353724,+0000.0230726131353724,+0000.9387510225812610
+0000.0157005605689887,+0000.0226971239914743,+0000.0226971239914743,+0000.9389051914480615
+0000.0162995064175147,+0000.0223175734940866,+0000.0223175734940866,+0000.9390653465943108
+0000.0168999867118665,+0000.0219342534537684,+0000.0219342534537684,+0000.9392315063805955
+0000.0175014047578881,+0000.0215474560375306,+0000.0215474560375306,+0000.9394036831670494
+0000.0181031695697371,+0000.0211574735309262,+0000.0211574735309262,+0000.9395818833684092
+0000.0187046962819167,+0000.0207645981024215,+0000.0207645981024215,+0000.9397661075132390
+0000.0193054065523314,+0000.0203691215702165,+0000.0203691215702165,+0000.9399563503072343
+0000.0199047289561370,+0000.0199713351716728,+0000.0199713351716728,+0000.9401526007005161
+0000.0205020993701597,+0000.0195715293355096,+0000.0195715293355096,+0000.9403548419588197
+0000.0210969613476727,+0000.0191699934569204,+0000.0191699934569204,+0000.9405630517384850
+0000.0216887664833274,+0000.0187670156757613,+0000.0187670156757613,+0000.9407772021651485
+0000.0222769747680459,+0000.0183628826579568,+0000.0183628826579568,+0000.9409972599160391
+0000.0228610549336914,+0000.0179578793802660,+0000.0179578793802660,+0000.9412231863057754
+0000.0234404847873440,+0000.0175522889185466,+0000.0175522889185466,+0000.9414549373755615
+0000.0240147515350184,+0000.0171463922396514,+0000.0171463922396514,+0000.9416924639856774
+0000.0245833520946692,+0000.0167404679970874,+0000.0167404679970874,+0000.9419357119111548
+0000.0251457933983437,+0000.0163347923305606,+0000.0163347923305606,+0000.9421846219405338
+0000.0257015926833459,+0000.0159296386695321,+0000.0159296386695321,+0000.9424391299775886
+0000.0262502777722910,+0000.0155252775408974,+0000.0155252775408974,+0000.9426991671459128
+0000.0267913873419374,+0000.0151219763809045,+0000.0151219763809045,+0000.9429646598962522
+0000.0273244711806919,+0000.0147199993514176,+0000.0147199993514176,+0000.9432355301164715
+0000.0278490904346981,+0000.0143196071606288,+0000.0143196071606288,+0000.9435116952440430
+0000.0283648178424231,+0000.0139210568883180,+0000.0139210568883180,+0000.9437930683809396
+0000.0288712379576703,+0000.0135246018157541,+0000.0135246018157541,+0000.9440795584108201
+0000.0293679473609576,+0000.0131304912603267,+0000.0131304912603267,+0000.9443710701183876
+0000.0298545548592054,+0000.0127389704149938,+0000.0127389704149938,+0000.9446675043108056
+0000.0303306816736932,+0000.0123502801926255,+0000.0123502801926255,+0000.9449687579410544
+0000.0307959616162518,+0000.0119646570753181,+0000.0119646570753181,+0000.9452747242331105
+0000.0312500412536664,+0000.0115823329687508,+0000.0115823329687508,+0000.9455852928088305
+0000.0316925800602786,+0000.0112035350616493,+0000.0112035350616493,+0000.9459003498164213
+0000.0321232505587818,+0000.0108284856904187,+0000.0108284856904187,+0000.9462197780603794
+0000.0325417384492153,+0000.0104574022090018,+0000.0104574022090018,+0000.9465434571327799
+0000.0329477427261727,+0000.0100904968640140,+0000.0100904968640140,+0000.9468712635457981
+0000.0333409757842474,+0000.0097279766752028,+0000.0097279766752028,+0000.9472030708653456
+0000.0337211635117490,+0000.0093700433212736,+0000.0093700433212736,+0000.9475387498457025
+0000.0340880453727322,+0000.0090168930311186,+0000.0090168930311186,+0000.9478781685650293
+0000.0344413744773888,+0000.0086687164804839,+0000.0086687164804839,+0000.9482211925616422
+0000.0347809176408641,+0000.0083256986941004,+0000.0083256986941004,+0000.9485676849709337
+0000.0351064554305639,+0000.0079880189533046,+0000.0079880189533046,+0000.9489175066628256
+0000.0354177822020307,+0000.0076558507091655,+0000.0076558507091655,+0000.9492705163796370
+0000.0357147061234734,+0000.0073293615011353,+0000.0073293615011353,+0000.9496265708742548
+0000.0359970491890443,+0000.0070087128812304,+0000.0070087128812304,+0000.9499855250484937
+0000.0362646472209650,+0000.0066940603437510,+0000.0066940603437510,+0000.9503472320915318
+0000.0365173498606098,+0000.0063855532605377,+0000.0063855532605377,+0000.9507115436183137
+0000.0367550205486649,+0000.0060833348217633,+0000.0060833348217633,+0000.9510783098078074
+0000.0369775364944868,+0000.0057875419822511,+0000.0057875419822511,+0000.9514473795410099
+0000.0371847886347929,+0000.0054983054133073,+0000.0054983054133073,+0000.9518186005385914
+0000.0373766815818226,+0000.0052157494600515,+0000.0052157494600515,+0000.9521918194980731
+0000.0375531335611160,+0000.0049399921042241,+0000.0049399921042241,+0000.9525668822304344
+0000.0377140763390627,+0000.0046711449324458,+0000.0046711449324458,+0000.9529436337960444
+0000.0378594551403800,+0000.0044093131099000,+0000.0044093131099000,+0000.9533219186398186
+0000.0379892285556881,+0000.0041545953594057,+0000.0041545953594057,+0000.9537015807254992
+0000.0381033684393527,+0000.0039070839458430,+0000.0039070839458430,+0000.9540824636689601
+0000.0382018597977745,+0000.0036668646658904,+0000.0036668646658904,+0000.9544644108704433
+0000.0382847006683107,+0000.0034340168430304,+0000.0034340168430304,+0000.9548472656456272
+0000.0383519019890160,+0000.0032086133277723,+0000.0032086133277723,+0000.9552308713554382
+0000.0384034874594007,+0000.0029907205030430,+0000.0029907205030430,+0000.9556150715345121
+0000.0384394933924056,+0000.0027803982946878,+0000.0027803982946878,+0000.9559997100182176
+0000.0384599685577987,+0000.0025777001870227,+0000.0025777001870227,+0000.9563846310681547
+0000.0384649740172052,+0000.0023826732433753,+0000.0023826732433753,+0000.9567696794960429
+0000.0384545829509847,+0000.0021953581315490,+0000.0021953581315490,+0000.9571547007859160
+0000.0384288804771753,+0000.0020157891541388,+0000.0020157891541388,+0000.9575395412145459
+0000.0383879634627282,+0000.0018439942836294,+0000.0018439942836294,+0000.9579240479700117
+0000.0383319403272598,+0000.0016799952021972,+0000.0016799952021972,+0000.9583080692683444
+0000.0382609308395531,+0000.0015238073461388,+0000.0015238073461388,+0000.9586914544681679
+0000.0381750659070413,+0000.0013754399548444,+0000.0013754399548444,+0000.9590740541832686
+0000.0380744873585136,+0000.0012348961242313,+0000.0012348961242313,+0000.9594557203930225
+0000.0379593477202822,+0000.0011021728645510,+0000.0011021728645510,+0000.9598363065506144
+0000.0378298099860556,+0000.0009772611624794,+0000.0009772611624794,+0000.9602156676889843
+0000.0376860473807627,+0000.0008601460473985,+0000.0008601460473985,+0000.9605936605244388
+0000.0375282431185784,+0000.0007508066617752,+0000.0007508066617752,+0000.9609701435578697
+0000.0373565901554001,+0000.0006492163355388,+0000.0006492163355388,+0000.9613449771735209
+0000.0371712909360278,+0000.0005553426643597,+0000.0005553426643597,+0000.9617180237352513
+0000.0369725571363031,+0000.0004691475917272,+0000.0004691475917272,+0000.9620891476802409
+0000.0367606094004620,+0000.0003905874947227,+0000.0003905874947227,+0000.9624582156100912
+0000.0365356770739596,+0000.0003196132733833,+0000.0003196132733833,+0000.9628250963792722
+0000.0362979979320240,+0000.0002561704435497,+0000.0002561704435497,+0000.9631896611808750
+0000.0360478179041992,+0000.0002001992330874,+0000.0002001992330874,+0000.9635517836296243
+0000.0357853907951361,+0000.0001516346813732,+0000.0001516346813732,+0000.9639113398421159
+0000.0355109780018921,+0000.0001104067419335,+0000.0001104067419335,+0000.9642682085142394
+0000.0352248482279994,+0000.0000764403881212,+0000.0000764403881212,+0000.9646222709957565
+0000.0349272771945624,+0000.0000496557217183,+0000.0000496557217183,+0000.9649734113619993
+0000.0346185473486437,+0000.0000299680843452,+0000.0000299680843452,+0000.9653215164826644
+0000.0342989475691988,+0000.0000172881715632,+0000.0000172881715632,+0000.9656664760876733
+0000.0339687728708188,+0000.0000115221495503,+0000.0000115221495503,+0000.9660081828300791
+0000.0336283241055386,+0000.0000125717742318,+0000.0000125717742318,+0000.9663465323459962
+0000.0332779076629672,+0000.0000203345127471,+0000.0000203345127471,+0000.9666814233115371
+0000.0329178351689981,+0000.0000347036671310,+0000.0000347036671310,+0000.9670127574967383
+0000.0325484231833516,+0000.0000555685000906,+0000.0000555685000906,+0000.9673404398164657
+0000.0321699928962036,+0000.0000828143627548,+0000.0000828143627548,+0000.9676643783782852
+0000.0317828698241521,+0000.0001163228242759,+0000.0001163228242759,+0000.9679844845272945
+0000.0313873835057691,+0000.0001559718031612,+0000.0001559718031612,+0000.9683006728879069
+0000.0309838671969860,+0000.0002016357002122,+0000.0002016357002122,+0000.9686128614025881
+0000.0305726575665571,+0000.0002531855329497,+0000.0002531855329497,+0000.9689209713675419
+0000.0301540943918425,+0000.0003104890714033,+0000.0003104890714033,+0000.9692249274653494
+0000.0297285202551510,+0000.0003734109751411,+0000.0003734109751411,+0000.9695246577945652
+0000.0292962802408787,+0000.0004418129314214,+0000.0004418129314214,+0000.9698200938962770
+0000.0288577216336770,+0000.0005155537943417,+0000.0005155537943417,+0000.9701111707776379
+0000.0284131936178815,+0000.0005944897248663,+0000.0005944897248663,+0000.9703978269323842
+0000.0279630469784278,+0000.0006784743316102,+0000.0006784743316102,+0000.9706800043583500
+0000.0275076338034782,+0000.0007673588122616,+0000.0007673588122616,+0000.9709576485719970
+0000.0270473071889799,+0000.0008609920955214,+0000.0008609920955214,+0000.9712307086199756
+0000.0265824209453708,+0000.0009592209834434,+0000.0009592209834434,+0000.9714991370877407
+0000.0261133293066456,+0000.0010618902940561,+0000.0010618902940561,+0000.9717628901052406
+0000.0256403866419901,+0000.0011688430041502,+0000.0011688430041502,+0000.9720219273497078
+0000.0251639471701893,+0000.0012799203921168,+0000.0012799203921168,+0000.9722762120455756
+0000.0246843646770082,+0000.0013949621807198,+0000.0013949621807198,+0000.9725257109615506
+0000.0242019922357419,+0000.0015138066796921,+0000.0015138066796921,+0000.9727703944048722
+0000.0237171819311263,+0000.0016362909280412,+0000.0016362909280412,+0000.9730102362127896
+0000.0232302845867957,+0000.0017622508359542,+0000.0017622508359542,+0000.9732452137412940
+0000.0227416494964693,+0000.0018915213261943,+0000.0018915213261943,+0000.9734753078511402
+0000.0222516241590447,+0000.0020239364748787,+0000.0020239364748787,+0000.9737005028911961
+0000.0217605540177696,+0000.0021593296515337,+0000.0021593296515337,+0000.9739207866791613
+0000.0212687822036604,+0000.0022975336583215,+0000.0022975336583215,+0000.9741361504796949
+0000.0207766492833285,+0000.0024383808683363,+0000.0024383808683363,+0000.9743465889799970
+0000.0202844930113726,+0000.0025817033628685,+0000.0025817033628685,+0000.9745521002628886
+0000.0197926480874896,+0000.0027273330675368,+0000.0027273330675368,+0000.9747526857774352
+0000.0193014459184482,+0000.0028751018871930,+0000.0028751018871930,+0000.9749483503071642
+0000.0188112143850701,+0000.0030248418395024,+0000.0030248418395024,+0000.9751391019359236
+0000.0183222776143521,+0000.0031763851871062,+0000.0031763851871062,+0000.9753249520114340
+0000.0178349557568603,+0000.0033295645682762,+0000.0033295645682762,+0000.9755059151065857
+0000.0173495647695227,+0000.0034842131259711,+0000.0034842131259711,+0000.9756820089785335
+0000.0168664162039374,+0000.0036401646352079,+0000.0036401646352079,+0000.9758532545256452
+0000.0163858170003124,+0000.0037972536286637,+0000.0037972536286637,+0000.9760196757423586
+0000.0159080692871439,+0000.0039553155204247,+0000.0039553155204247,+0000.9761812996720048
+0000.0154334701867363,+0000.0041141867278034,+0000.0041141867278034,+0000.9763381563576550
+0000.0149623116266604,+0000.0042737047911442,+0000.0042737047911442,+0000.9764902787910493
+0000.0144948801572413,+0000.0044337084915436,+0000.0044337084915436,+0000.9766377028596698
+0000.0140314567751619,+0000.0045940379664107,+0000.0045940379664107,+0000.9767804672920150
+0000.0135723167532607,+0000.0047545348227982,+0000.0047545348227982,+0000.9769186136011412
+0000.0131177294765987,+0000.0049150422484344,+0000.0049150422484344,+0000.9770521860265307
+0000.0126679582848634,+0000.0050754051203925,+0000.0050754051203925,+0000.9771812314743499
+0000.0122232603211729,+0000.0052354701113314,+0000.0052354701113314,+0000.9773057994561627
+0000.0117838863873361,+0000.0053950857932502,+0000.0053950857932502,+0000.9774259420261620
+0000.0113500808056205,+0000.0055541027386964,+0000.0055541027386964,+0000.9775417137169850
+0000.0109220812870740,+0000.0057123736193734,+0000.0057123736193734,+0000.9776531714741777
+0000.0105001188064377,+0000.0058697533020935,+0000.0058697533020935,+0000.9777603745893738
+0000.0100844174836874,+0000.0060260989420281,+0000.0060260989420281,+0000.9778633846322548
+0000.0096751944722296,+0000.0061812700732058,+0000.0061812700732058,+0000.9779622653813572
+0000.0092726598537746,+0000.0063351286962144,+0000.0063351286962144,+0000.9780570827537949
+0000.0088770165399075,+0000.0064875393630648,+0000.0064875393630648,+0000.9781479047339612
+0000.0084884601803634,+0000.0066383692591772,+0000.0066383692591772,+0000.9782348013012806
+0000.0081071790780186,+0000.0067874882824524,+0000.0067874882824524,+0000.9783178443570750
+0000.0077333541105949,+0000.0069347691193953,+0000.0069347691193953,+0000.9783971076506129
+0000.0073671586590739,+0000.0070800873182579,+0000.0070800873182579,+0000.9784726667044087
+0000.0070087585428122,+0000.0072233213591739,+0000.0072233213591739,+0000.9785445987388383
+0000.0066583119613405,+0000.0073643527212591,+0000.0073643527212591,+0000.9786129825961397
+0000.0063159694428289,+0000.0075030659466530,+0000.0075030659466530,+0000.9786778986638633
+0000.0059818737991909,+0000.0076393487014833,+0000.0076393487014833,+0000.9787394287978408
+0000.0056561600877969,+0000.0077730918337324,+0000.0077730918337324,+0000.9787976562447366
+0000.0053389555797616,+0000.0079041894279934,+0000.0079041894279934,+0000.9788526655642499
+0000.0050303797347648,+0000.0080325388571009,+0000.0080325388571009,+0000.9789045425510318
+0000.0047305441823613,+0000.0081580408306270,+0000.0081580408306270,+0000.9789533741563831
+0000.0044395527097292,+0000.0082805994402361,+0000.0082805994402361,+0000.9789992484097969
+0000.0041575012558024,+0000.0084001222018921,+0000.0084001222018921,+0000.9790422543404116
+0000.0038844779117295,+0000.0085165200949166,+0000.0085165200949166,+0000.9790824818984356
+0000.0036205629275934,+0000.0086297075978978,+0000.0086297075978978,+0000.9791200218766092
+0000.0033658287253261,+0000.0087396027214536,+0000.0087396027214536,+0000.9791549658317649
+0000.0031203399177457,+0000.0088461270378527,+0000.0088461270378527,+0000.9791874060065471
+0000.0028841533336386,+0000.0089492057075032,+0000.0089492057075032,+0000.9792174352513533
+0000.0026573180488082,+0000.0090487675023169,+0000.0090487675023169,+0000.9792451469465563
+0000.0024398754230047,+0000.0091447448259633,+0000.0091447448259633,+0000.9792706349250669
+0000.0022318591426482,+0000.0092370737310270,+0000.0092370737310270,+0000.9792939933952958
+0000.0020332952692536,+0000.0093256939330868,+0000.0093256939330868,+0000.9793153168645710
+0000.0018442022934612,+0000.0094105488217339,+0000.0094105488217339,+0000.9793347000630691
+0000.0016645911945748,+0000.0094915854685541,+0000.0094915854685541,+0000.9793522378683152
+0000.0014944655055038,+0000.0095687546320945,+0000.0095687546320945,+0000.9793680252303053
+0000.0013338213830054,+0000.0096420107598429,+0000.0096420107598429,+0000.9793821570973068
+0000.0011826476831158,+0000.0097113119872475,+0000.0097113119872475,+0000.9793947283423873
+0000.0010409260416600,+0000.0097766201338068,+0000.0097766201338068,+0000.9794058336907244
+0000.0009086309597253,+0000.0098379006962628,+0000.0098379006962628,+0000.9794155676477473
+0000.0007857298939800,+0000.0098951228389306,+0000.0098951228389306,+0000.9794240244281570
+0000.0006721833517178,+0000.0099482593812020,+0000.0099482593812020,+0000.9794312978858764
+0000.0005679449905044,+0000.0099972867822601,+0000.0099972867822601,+0000.9794374814449736
+0000.0004729617223009,+0000.0100421851230454,+0000.0100421851230454,+0000.9794426680316063
+0000.0003871738219370,+0000.0100829380855154,+0000.0100829380855154,+0000.9794469500070302
+0000.0003105150398035,+0000.0101195329292401,+0000.0101195329292401,+0000.9794504191017145
+0000.0002429127186317,+0000.0101519604653799,+0000.0101519604653799,+0000.9794531663506066
+0000.0001842879142273,+0000.0101802150280924,+0000.0101802150280924,+0000.9794552820295861
+0000.0001345555200211,+0000.0102042944434157,+0000.0102042944434157,+0000.9794568555931457
+0000.0000936243953009,+0000.0102241999956791,+0000.0102241999956791,+0000.9794579756133389
+0000.0000613974969841,+0000.0102399363914925,+0000.0102399363914925,+0000.9794587297200289
+0000.0000377720147919,+0000.0102515117213664,+0000.0102515117213664,+0000.9794592045424734
+0000.0000226395096823,+0000.0102589374190180,+0000.0102589374190180,+0000.9794594856522798
+0000.0000158860553991,+0000.0102622282184184,+0000.0102622282184184,+0000.9794596575077621
+0000.0000173923829941,+0000.0102614021086372,+0000.0102614021086372,+0000.9794598033997296
+0000.0000270340281754,+0000.0102564802865430,+0000.0102564802865430,+0000.9794600053987367
+0000.0000446814813384,+0000.0102474871074189,+0000.0102474871074189,+0000.9794603443038219
+0000.0000702003401314,+0000.0102344500335527,+0000.0102344500335527,+0000.9794608995927613
+0000.0001034514644092,+0000.0102173995808636,+0000.0102173995808636,+0000.9794617493738618
+0000.0001442911334279,+0000.0101963692636267,+0000.0101963692636267,+0000.9794629703393167
+0000.0001925712051326,+0000.0101713955373596,+0000.0101713955373596,+0000.9794646377201462
+0000.0002481392773896,+0000.0101425177399332,+0000.0101425177399332,+0000.9794668252427420
+0000.0003108388510161,+0000.0101097780309735,+0000.0101097780309735,+0000.9794696050870350
+0000.0003805094944590,+0000.0100732213296173,+0000.0100732213296173,+0000.9794730478463043
+0000.0004569870099745,+0000.0100328952506907,+0000.0100328952506907,+0000.9794772224886420
+0000.0005401036011614,+0000.0099888500393740,+0000.0099888500393740,+0000.9794821963200886
+0000.0006296880417011,+0000.0099411385044223,+0000.0099411385044223,+0000.9794880349494521
+0000.0007255658451572,+0000.0098898159500094,+0000.0098898159500094,+0000.9794948022548218
+0000.0008275594356890,+0000.0098349401062614,+0000.0098349401062614,+0000.9795025603517858
+0000.0009354883195335,+0000.0097765710585503,+0000.0097765710585503,+0000.9795113695633637
+0000.0010491692571107,+0000.0097147711756151,+0000.0097147711756151,+0000.9795212883916569
+0000.0011684164356107,+0000.0096496050365806,+0000.0096496050365806,+0000.9795323734912258
+0000.0012930416419173,+0000.0095811393569417,+0000.0095811393569417,+0000.9795446796441970
+0000.0014228544357292,+0000.0095094429135836,+0000.0095094429135836,+0000.9795582597371013
+0000.0015576623227371,+0000.0094345864689070,+0000.0094345864689070,+0000.9795731647394468
+0000.0016972709277190,+0000.0093566426941273,+0000.0093566426941273,+0000.9795894436840243
+0000.0018414841674157,+0000.0092756860918182,+0000.0092756860918182,+0000.9796071436489457
+0000.0019901044230510,+0000.0091917929177682,+0000.0091917929177682,+0000.9796263097414105
+0000.0021429327123631,+0000.0091050411022186,+0000.0091050411022186,+0000.9796469850831976
+0000.0022997688610132,+0000.0090155101705544,+0000.0090155101705544,+0000.9796692107978761
+0000.0024604116732426,+0000.0089232811635133,+0000.0089232811635133,+0000.9796930259997289
+0000.0026246591016487,+0000.0088284365569846,+0000.0088284365569846,+0000.9797184677843801
+0000.0027923084159531,+0000.0087310601814638,+0000.0087310601814638,+0000.9797455712211172
+0000.0029631563706371,+0000.0086312371412318,+0000.0086312371412318,+0000.9797743693468973
+0000.0031369993713233,+0000.0085290537333245,+0000.0085290537333245,+0000.9798048931620257
+0000.0033136336397813,+0000.0084245973663621,+0000.0084245973663621,+0000.9798371716274926
+0000.0034928553774409,+0000.0083179564793009,+0000.0083179564793009,+0000.9798712316639554
+0000.0036744609272967,+0000.0082092204601761,+0000.0082092204601761,+0000.9799070981523490
+0000.0038582469340908,+0000.0080984795648990,+0000.0080984795648990,+0000.9799447939361093
+0000.0040440105026629,+0000.0079858248361723,+0000.0079858248361723,+0000.9799843398249906
+0000.0042315493543608,+0000.0078713480225893,+0000.0078713480225893,+0000.9800257546004586
+0000.0044206619814042,+0000.0077551414979769,+0000.0077551414979769,+0000.9800690550226401
+0000.0046111477990996,+0000.0076372981810463,+0000.0076372981810463,+0000.9801142558388058
+0000.0048028072958075,+0000.0075179114554115,+0000.0075179114554115,+0000.9801613697933674
+0000.0049954421805624,+0000.0073970750900363,+0000.0073970750900363,+0000.9802104076393630
+0000.0051888555282532,+0000.0072748831601680,+0000.0072748831601680,+0000.9802613781514088
+0000.0053828519222714,+0000.0071514299688171,+0000.0071514299688171,+0000.9803142881400922
+0000.0055772375945387,+0000.0070268099688402,+0000.0070268099688402,+0000.9803691424677788
+0000.0057718205628283,+0000.0069011176856806,+0000.0069011176856806,+0000.9804259440658083
+0000.0059664107652983,+0000.0067744476408241,+0000.0067744476408241,+0000.9804846939530514
+0000.0061608201921552,+0000.0066468942760220,+0000.0066468942760220,+0000.9805453912557988
+0000.0063548630143745,+0000.0065185518783346,+0000.0065185518783346,+0000.9806080332289541
+0000.0065483557094017,+0000.0063895145060481,+0000.0063895145060481,+0000.9806726152784998
+0000.0067411171837654,+0000.0062598759155128,+0000.0062598759155128,+0000.9807391309852068
+0000.0069329688925354,+0000.0061297294889538,+0000.0061297294889538,+0000.9808075721295548
+0000.0071237349555606,+0000.0059991681633019,+0000.0059991681633019,+0000.9808779287178335
+0000.0073132422704277,+0000.0058682843600899,+0000.0058682843600899,+0000.9809501890093903
+0000.0075013206220819,+0000.0057371699164615,+0000.0057371699164615,+0000.9810243395449929
+0000.0076878027890565,+0000.0056059160173348,+0000.0056059160173348,+0000.9811003651762716
+0000.0078725246462592,+0000.0054746131287651,+0000.0054746131287651,+0000.9811782490962084
+0000.0080553252642685,+0000.0053433509325460,+0000.0053433509325460,+0000.9812579728706373
+0000.0082360470050954,+0000.0052122182620907,+0000.0052122182620907,+0000.9813395164707212
+0000.0084145356143684,+0000.0050813030396300,+0000.0050813030396300,+0000.9814228583063693
+0000.0085906403099058,+0000.0049506922147659,+0000.0049506922147659,+0000.9815079752605602
+0000.0087642138666380,+0000.0048204717044140,+0000.0048204717044140,+0000.9815948427245319
+0000.0089351126978506,+0000.0046907263341713,+0000.0046907263341713,+0000.9816834346338046
+0000.0091031969327195,+0000.0045615397811401,+0000.0045615397811401,+0000.9817737235049983
+0000.0092683304901122,+0000.0044329945182392,+0000.0044329945182392,+0000.9818656804734072
+0000.0094303811486351,+0000.0043051717600340,+0000.0043051717600340,+0000.9819592753312948
+0000.0095892206129066,+0000.0041781514101101,+0000.0041781514101101,+0000.9820544765668712
+0000.0097447245760425,+0000.0040520120100206,+0000.0040520120100206,+0000.9821512514039142
+0000.0098967727783401,+0000.0039268306898299,+0000.0039268306898299,+0000.9822495658419981
+0000.0100452490621531,+0000.0038026831202777,+0000.0038026831202777,+0000.9823493846972895
+0000.0101900414229507,+0000.0036796434665864,+0000.0036796434665864,+0000.9824506716438747
+0000.0103310420565583,+0000.0035577843439310,+0000.0035577843439310,+0000.9825533892555779
+0000.0104681474025809,+0000.0034371767745916,+0000.0034371767745916,+0000.9826574990482341
+0000.0106012581840115,+0000.0033178901468050,+0000.0033178901468050,+0000.9827629615223767
+0000.0107302794430313,+0000.0031999921753316,+0000.0031999921753316,+0000.9828697362063037
+0000.0108551205730120,+0000.0030835488637525,+0000.0030835488637525,+0000.9829777816994814
+0000.0109756953467302,+0000.0029686244685083,+0000.0029686244685083,+0000.9830870557162515
+0000.0110919219408120,+0000.0028552814646928,+0000.0028552814646928,+0000.9831975151298007
+0000.0112037229564235,+0000.0027435805136097,+0000.0027435805136097,+0000.9833091160163554
+0000.0113110254362295,+0000.0026335804321011,+0000.0026335804321011,+0000.9834218136995667
+0000.0114137608776428,+0000.0025253381636555,+0000.0025253381636555,+0000.9835355627950445
+0000.0115118652423922,+0000.0024189087512995,+0000.0024189087512995,+0000.9836503172550073
+0000.0116052789624363,+0000.0023143453122768,+0000.0023143453122768,+0000.9837660304130084
+0000.0116939469422566,+0000.0022116990145189,+0000.0022116990145189,+0000.9838826550287039
+0000.0117778185575620,+0000.0021110190549058,+0000.0021110190549058,+0000.9840001433326248
+0000.0118568476504440,+0000.0020123526393178,+0000.0020123526393178,+0000.9841184470709188
+0000.0119309925210197,+0000.0019157449644764,+0000.0019157449644764,+0000.9842375175500259
+0000.0120002159156051,+0000.0018212392015704,+0000.0018212392015704,+0000.9843573056812525
+0000.0120644850114634,+0000.0017288764816624,+0000.0017288764816624,+0000.9844777620252103
+0000.0121237713981724,+0000.0016386958828702,+0000.0016386958828702,+0000.9845988368360856
+0000.0121780510556627,+0000.0015507344193156,+0000.0015507344193156,+0000.9847204801057046
+0000.0122273043289738,+0000.0014650270318310,+0000.0014650270318310,+0000.9848426416073627
+0000.0122715158997844,+0000.0013816065804144,+0000.0013816065804144,+0000.9849652709393854
+0000.0123106747547692,+0000.0013005038384211,+0000.0013005038384211,+0000.9850883175683871
+0000.0123447741508398,+0000.0012217474884802,+0000.0012217474884802,+0000.9852117308721983
+0000.0123738115773290,+0000.0011453641201202,+0000.0011453641201202,+0000.9853354601824290
+0000.0123977887151791,+0000.0010713782290905,+0000.0010713782290905,+0000.9854594548266385
+0000.0124167113931947,+0000.0009998122183609,+0000.0009998122183609,+0000.9855836641700819
+0000.0124305895414276,+0000.0009306864007834,+0000.0009306864007834,+0000.9857080376570041
+0000.0124394371417561,+0000.0008640190033949,+0000.0008640190033949,+0000.9858325248514527
+0000.0124432721757279,+0000.0007998261733437,+0000.0007998261733437,+0000.9859570754775832
+0000.0124421165697356,+0000.0007381219854177,+0000.0007381219854177,+0000.9860816394594275
+0000.0124359961375937,+0000.0006789184511517,+0000.0006789184511517,+0000.9862061669601013
+0000.0124249405205909,+0000.0006222255294921,+0000.0006222255294921,+0000.9863306084204234
+0000.0124089831250879,+0000.0005680511389942,+0000.0005680511389942,+0000.9864549145969221
+0000.0123881610577379,+0000.0005164011715272,+0000.0005164011715272,+0000.9865790365992062
+0000.0123625150584028,+0000.0004672795074607,+0000.0004672795074607,+0000.9867029259266743
+0000.0123320894308428,+0000.0004206880323067,+0000.0004206880323067,+0000.9868265345045423
+0000.0122969319712566,+0000.0003766266547883,+0000.0003766266547883,+0000.9869498147191653
+0000.0122570938947503,+0000.0003350933263066,+0000.0003350933263066,+0000.9870727194526350
+0000.0122126297598146,+0000.0002960840617775,+0000.0002960840617775,+0000.9871952021166289
+0000.0121635973908905,+0000.0002595929618062,+0000.0002595929618062,+0000.9873172166854957
+0000.0121100577991042,+0000.0002256122361698,+0000.0002256122361698,+0000.9874387177285547
+0000.0120520751012516,+0000.0001941322285764,+0000.0001941322285764,+0000.9875596604415943
+0000.0119897164371170,+0000.0001651414426663,+0000.0001651414426663,+0000.9876800006775489
+0000.0119230518852056,+0000.0001386265692252,+0000.0001386265692252,+0000.9877996949763426
+0000.0118521543769746,+0000.0001145725145724,+0000.0001145725145724,+0000.9879187005938792
+0000.0117770996096466,+0000.0000929624300919,+0000.0000929624300919,+0000.9880369755301681
+0000.0116979659576867,+0000.0000737777428710,+0000.0000737777428710,+0000.9881544785565699
+0000.0116148343830302,+0000.0000569981874097,+0000.0000569981874097,+0000.9882711692421490
+0000.0115277883441426,+0000.0000426018383668,+0000.0000426018383668,+0000.9883870079791224
+0000.0114369137039972,+0000.0000305651443046,+0000.0000305651443046,+0000.9885019560073920
+0000.0113422986370544,+0000.0000208629623967,+0000.0000208629623967,+0000.9886159754381506
+0000.0112440335353263,+0000.0000134685940600,+0000.0000134685940600,+0000.9887290292765523
+0000.0111422109136114,+0000.0000083538214749,+0000.0000083538214749,+0000.9888410814434373
+0000.0110369253139823,+0000.0000054889449551,+0000.0000054889449551,+0000.9889520967961060
+0000.0109282732096117,+0000.0000048428211279,+0000.0000048428211279,+0000.9890620411481311
+0000.0108163529080171,+0000.0000063829018876,+0000.0000063829018876,+0000.9891708812882061
+0000.0107012644538110,+0000.0000100752740832,+0000.0000100752740832,+0000.9892785849980210
+0000.0105831095310354,+0000.0000158846998999,+0000.0000158846998999,+0000.9893851210691633
+0000.0104619913651650,+0000.0000237746578974,+0000.0000237746578974,+0000.9894904593190387
+0000.0103380146248601,+0000.0000337073846643,+0000.0000337073846643,+0000.9895945706058097
+0000.0102112853235490,+0000.0000456439170495,+0000.0000456439170495,+0000.9896974268423503
+0000.0100819107209219,+0000.0000595441349313,+0000.0000595441349313,+0000.9897990010092139
+0000.0099499992244137,+0000.0000753668044847,+0000.0000753668044847,+0000.9898992671666154
+0000.0098156602907564,+0000.0000930696219075,+0000.0000930696219075,+0000.9899982004654271
+0000.0096790043276774,+0000.0001126092575654,+0000.0001126092575654,+0000.9900957771571901
+0000.0095401425958215,+0000.0001339414005172,+0000.0001339414005172,+0000.9901919746031423
+0000.0093991871109721,+0000.0001570208033802,+0000.0001570208033802,+0000.9902867712822658
+0000.0092562505466468,+0000.0001818013274970,+0000.0001818013274970,+0000.9903801467983575
+0000.0091114461371420,+0000.0002082359883649,+0000.0002082359883649,+0000.9904720818861266
+0000.0089648875810980,+0000.0002362770012882,+0000.0002362770012882,+0000.9905625584163239
+0000.0088166889456574,+0000.0002658758272158,+0000.0002658758272158,+0000.9906515593999092
+0000.0086669645712875,+0000.0002969832187246,+0000.0002969832187246,+0000.9907390689912616
+0000.0085158289773341,+0000.0003295492661117,+0000.0003295492661117,+0000.9908250724904408
+0000.0083633967683783,+0000.0003635234435563,+0000.0003635234435563,+0000.9909095563445075
+0000.0082097825414588,+0000.0003988546553151,+0000.0003988546553151,+0000.9909925081479095
+0000.0080551007942283,+0000.0004354912819128,+0000.0004354912819128,+0000.9910739166419446
+0000.0078994658341068,+0000.0004733812262916,+0000.0004733812262916,+0000.9911537717133084
+0000.0077429916884935,+0000.0005124719598834,+0000.0005124719598834,+0000.9912320643917383
+0000.0075857920161000,+0000.0005527105685676,+0000.0005527105685676,+0000.9913087868467634
+0000.0074279800194635,+0000.0005940437984808,+0000.0005940437984808,+0000.9913839323835734
+0000.0072696683586972,+0000.0006364181016419,+0000.0006364181016419,+0000.9914574954380176
+0000.0071109690665361,+0000.0006797796813579,+0000.0006797796813579,+0000.9915294715707468
+0000.0069519934647320,+0000.0007240745373779,+0000.0007240745373779,+0000.9915998574605109
+0000.0067928520818508,+0000.0007692485107599,+0000.0007692485107599,+0000.9916686508966279
+0000.0066336545725244,+0000.0008152473284193,+0000.0008152473284193,+0000.9917358507706356
+0000.0064745096382063,+0000.0008620166473244,+0000.0008620166473244,+0000.9918014570671435
+0000.0063155249494797,+0000.0009095020983101,+0000.0009095020983101,+0000.9918654708538985
+0000.0061568070699650,+0000.0009576493294761,+0000.0009576493294761,+0000.9919278942710813
+0000.0059984613818698,+0000.0010064040491401,+0000.0010064040491401,+0000.9919887305198485
+0000.0058405920132264,+0000.0010557120683166,+0000.0010557120683166,+0000.9920479838501389
+0000.0056833017668568,+0000.0011055193426913,+0000.0011055193426913,+0000.9921056595477590
+0000.0055266920511051,+0000.0011557720140636,+0000.0011557720140636,+0000.9921617639207663
+0000.0053708628123745,+0000.0012064164512277,+0000.0012064164512277,+0000.9922163042851687
+0000.0052159124695055,+0000.0012573992902678,+0000.0012573992902678,+0000.9922692889499574
+0000.0050619378500285,+0000.0013086674742390,+0000.0013086674742390,+0000.9923207272014921
+0000.0049090341283232,+0000.0013601682922087,+0000.0013601682922087,+0000.9923706292872578
+0000.0047572947657159,+0000.0014118494176353,+0000.0014118494176353,+0000.9924190063990120
+0000.0046068114525414,+0000.0014636589460574,+0000.0014636589460574,+0000.9924658706553423
+0000.0044576740521984,+0000.0015155454320733,+0000.0015155454320733,+0000.9925112350836535
+0000.0043099705472210,+0000.0015674579255862,+0000.0015674579255862,+0000.9925551136016051
+0000.0041637869873907,+0000.0016193460072944,+0000.0016193460072944,+0000.9925975209980190
+0000.0040192074399096,+0000.0016711598234053,+0000.0016711598234053,+0000.9926384729132784
+0000.0038763139416533,+0000.0017228501195539,+0000.0017228501195539,+0000.9926779858192375
+0000.0037351864535219,+0000.0017743682739062,+0000.0017743682739062,+0000.9927160769986643
+0000.0035959028169040,+0000.0018256663294287,+0000.0018256663294287,+0000.9927527645242372
+0000.0034585387122673,+0000.0018766970253077,+0000.0018766970253077,+0000.9927880672371159
+0000.0033231676198878,+0000.0019274138275012,+0000.0019274138275012,+0000.9928220047251085
+0000.0031898607827283,+0000.0019777709584069,+0000.0019777709584069,+0000.9928545973004566
+0000.0030586871714726,+0000.0020277234256335,+0000.0020277234256335,+0000.9928858659772591
+0000.0029297134517238,+0000.0020772270498586,+0000.0020772270498586,+0000.9929158324485576
+0000.0028030039533699,+0000.0021262384917627,+0000.0021262384917627,+0000.9929445190631032
+0000.0026786206421204,+0000.0021747152780248,+0000.0021747152780248,+0000.9929719488018286
+0000.0025566230932147,+0000.0022226158263695,+0000.0022226158263695,+0000.9929981452540450
+0000.0024370684673005,+0000.0022698994696551,+0000.0022698994696551,+0000.9930231325933878
+0000.0023200114884827,+0000.0023165264789923,+0000.0023165264789923,+0000.9930469355535313
+0000.0022055044245348,+0000.0023624580858849,+0000.0023624580858849,+0000.9930695794036939
+0000.0020935970692706,+0000.0024076565033854,+0000.0024076565033854,+0000.9930910899239570
+0000.0019843367270664,+0000.0024520849462572,+0000.0024520849462572,+0000.9931114933804177
+0000.0018777681995254,+0000.0024957076501379,+0000.0024957076501379,+0000.9931308165001974
+0000.0017739337742741,+0000.0025384898896985,+0000.0025384898896985,+0000.9931490864463274
+0000.0016728732158772,+0000.0025803979957939,+0000.0025803979957939,+0000.9931663307925335
+0000.0015746237588583,+0000.0026213993716003,+0000.0026213993716003,+0000.9931825774979397
+0000.0014792201028100,+0000.0026614625077378,+0000.0026614625077378,+0000.9931978548817131
+0000.0013866944095773,+0000.0027005569963759,+0000.0027005569963759,+0000.9932121915976694
+0000.0012970763024956,+0000.0027386535443207,+0000.0027386535443207,+0000.9932256166088614
+0000.0012103928676629,+0000.0027757239850828,+0000.0027757239850828,+0000.9932381591621701
+0000.0011266686572254,+0000.0028117412899279,+0000.0028117412899279,+0000.9932498487629173
+0000.0010459256946547,+0000.0028466795779102,+0000.0028466795779102,+0000.9932607151495235
+0000.0009681834819897,+0000.0028805141248914,+0000.0028805141248914,+0000.9932707882682259
+0000.0008934590090220,+0000.0029132213715478,+0000.0029132213715478,+0000.9932800982478809
+0000.0008217667643939,+0000.0029447789303689,+0000.0029447789303689,+0000.9932886753748666
+0000.0007531187485842,+0000.0029751655916535,+0000.0029751655916535,+0000.9932965500681072
+0000.0006875244887508,+0000.0030043613285061,+0000.0030043613285061,+0000.9933037528542353
+0000.0006249910554009,+0000.0030323473008420,+0000.0030323473008420,+0000.9933103143429134
+0000.0005655230808561,+0000.0030591058584059,+0000.0030591058584059,+0000.9933162652023304
+0000.0005091227794812,+0000.0030846205428124,+0000.0030846205428124,+0000.9933216361348924
+0000.0004557899696416,+0000.0031088760886162,+0000.0031088760886162,+0000.9933264578531243
+0000.0004055220973553,+0000.0031318584234214,+0000.0031318584234214,+0000.9933307610558003
+0000.0003583142616041,+0000.0031535546670378,+0000.0031535546670378,+0000.9933345764043187
+0000.0003141592412659,+0000.0031739531296967,+0000.0031739531296967,+0000.9933379344993390
+0000.0002730475236321,+0000.0031930433093347,+0000.0031930433093347,+0000.9933408658576969
+0000.0002349673344705,+0000.0032108158879584,+0000.0032108158879584,+0000.9933434008896112
+0000.0001999046695945,+0000.0032272627271016,+0000.0032272627271016,+0000.9933455698762006
+0000.0001678433278984,+0000.0032423768623881,+0000.0032423768623881,+0000.9933474029473238
+0000.0001387649458182,+0000.0032561524972116,+0000.0032561524972116,+0000.9933489300597569
+0000.0001126490331759,+0000.0032685849955498,+0000.0032685849955498,+0000.9933501809757229
+0000.0000894730103645,+0000.0032796708739231,+0000.0032796708739231,+0000.9933511852417876
+0000.0000692122468316,+0000.0032894077925168,+0000.0032894077925168,+0000.9933519721681331
+0000.0000518401008172,+0000.0032977945454784,+0000.0032977945454784,+0000.9933525708082241
+0000.0000373279603016,+0000.0033048310504095,+0000.0033048310504095,+0000.9933530099388778
+0000.0000256452851189,+0000.0033105183370656,+0000.0033105183370656,+0000.9933533180407481
+0000.0000167596501913,+0000.0033148585352833,+0000.0033148585352833,+0000.9933535232792402
